name,ra,ra_hours,dec,min_mag,max_mag,mag_range,variability_type,period_days,variable_star_number,class
V594 Vir,221.31233,14.75415533,0.04703,17.37,17.41,0.04,RPHS,0.00138,860594,STAR B0VI
V499 Ser,240.18179,16.01211933,7.80089,17.23,17.41,0.18,RPHS,0.00138,760499,STAR O0VI
CX Boo,216.16313,14.41087533,9.28728,14.2,14.3,0.1,ZZA,0.0014,90124,WHITE DWARF D A
V1211 Her,250.55917,16.70394467,42.87611,15.92,15.94,0.02,RPHS,0.0016,401211,STAR B0VI
QQ Vir,201.95233,13.46348867,9.91417,13.4,13.45,0.05,RPHS,0.0016,860325,STAR B0VI
EP Psc,346.59317,23.10621133,2.15169,16.19,16.23,0.04,RPHS,0.00166,660159,STAR B0VI
V366 Dra,259.34179,17.28945267,58.09961,16.86,16.91,0.05,RPHS,0.0016632,340366,STAR O0VI
KN Boo,215.40908,14.36060533,7.88878,15.08,15.1,0.02,RPHS,0.00167,90247,STAR B0VI
V1078 Her,243.69554,16.24636933,42.45997,14.05,14.14,0.09,RPHS,0.00167,401078,STAR O0VI
BI Ari,29.36617,1.957744667,18.46114,15.26,15.3,0.04,RPHS,0.001901,70087,STAR B0VI
V359 UMa,207.83433,13.855622,54.96186,15.4,15.5,0.1,ZZA,0.002421,830359,WHITE DWARF D A
LV Cnc,139.93796,9.329197333,8.95278,19,18.8,0.2,ZZ,0.003,120270,WHITE DWARF
V405 Aur,89.49708,5.966472,53.89578,14.48,14.6,0.12,XM,0.00315723,80405,X-RAY BINARY
HM Cnc,121.59575,8.106383333,15.45875,20.12,21.2,1.08,NL,0.0037216,120213,CV NOVA LIKE
V585 Peg,348.83954,23.25596933,29.08375,11.67,11.8,0.13,RPHS,0.0041226,620585,STAR B0VI
DW Lyn,106.79058,7.119372,60.64731,14.67,14.7,0.03,RPHS,0.0042,510145,STAR
V1835 Ori,73.81346,4.920897333,13.09161,17.1,17.2,0.1,RPHS,0.00433,601835,STAR B0VI
V349 Aqr,339.68258,22.64550533,1.13925,18.5,18,0.5,XM:,0.0046725,40349,X-RAY BINARY
V430 UMa,216.60721,14.44048067,57.87169,19.09,19.16,0.07,ZZ,0.0048346,830430,WHITE DWARF D Q
HK Cnc,134.761,8.984066667,11.94106,13.52,13.56,0.04,RPHS,0.00505,120211,STAR
V988 Cas,30.16742,2.011161333,58.52697,8.52,8.54,0.02,ACVO,0.00528,180988,STAR F0
V515 And,13.83275,0.922183333,46.21583,14.4,14.7,0.3,NL,0.0053876,10515,CV NOVA LIKE
V1033 Cas,5.74017,0.382678,61.68544,16.9,16.4,0.5,NL,0.006522,181033,CV NOVA LIKE
V355 UMa,204.92158,13.66143867,48.79092,18.3,17.98,0.32,ZZ+NL,0.00743,830355,WHITE DWARF
CW Boo,224.63642,14.97576133,10.13847,15.65,15.9,0.25,ZZB,0.00769,90123,WHITE DWARF D B
V439 Vir,195.29379,13.019586,1.12775,16.11,16.26,0.15,ZZA,0.0086,860439,WHITE DWARF D A
gam Equ,317.58542,21.17236133,10.13158,4.77,4.58,0.19,ACVO,0.00868,359003,STAR F0
BT Cam,180.43629,12.029086,80.08322,15.5,15.9,0.4,ZZA,0.0096,110097,WHITE DWARF D A
BR Cam,74.8635,4.9909,55.42253,15.7,16,0.3,ZZA,0.01,110095,WHITE DWARF D A
V399 UMa,178.79721,11.919814,46.46978,7.011,7.026,0.015,DSCTC:,0.01055,830399,STAR A1
V409 Peg,357.47279,23.83151933,13.10356,15.87,15.9,0.03,ZZA,0.012,620409,STAR A0V
AM CVn,188.72746,12.58183067,37.62872,14.2,14.1,0.1,NL,0.012167,130066,WHITE DWARF D B
BG CVn,197.49008,13.16600533,35.16311,15.24,15.33,0.09,ZZA,0.01372812,130085,WHITE DWARF D A
EQ Lyn,116.38338,7.758892,45.64217,18.15,18.3,0.15,ZZ+NL,0.01424,510160,WHITE DWARF
CH Cam,61.74742,4.116494667,60.92072,14.3,14.4,0.1,RPHS:,0.01526,110109,WOLF RAYET STAR WC4
V360 Cep,325.07779,21.67185267,68.38942,8.27,8.3,0.03,DSCTC,0.017,200360,STAR
V1323 Her,270.91533,18.061022,40.20564,16.2,17.1,0.9,XM,0.0175985,401323,X-RAY BINARY
YZ LMi,141.66142,9.444094667,36.40067,20.2,19.2,1,EA,0.01966,470053,ALGOL STAR
V2709 Cyg,308.56046,20.57069733,50.80172,14.43,14.7,0.27,NL+ZZ:,0.019696,312709,CV NOVA LIKE
V752 Per,24.06546,1.604364,54.23531,13.26,13.3,0.04,DSCTC,0.0198,630752,STAR A2V
V678 Per,32.37638,2.158425333,57.96061,8.69,8.71,0.02,DSCTC:,0.0199,630678,STAR A5V
V624 Tau,55.93017,3.728678,24.37458,8.25,8.23,0.02,DSCTC,0.0205,780624,STAR A7V
V1431 Aql,292.25412,19.483608,1.95044,6.02,6.06,0.04,DSCT,0.0211,51431,STAR A0V
V1572 Her,250.44017,16.69601133,36.44861,17.28,17.13,0.15,SXPHE,0.02414,401572,STAR
V409 And,351.81604,23.45440267,40.02322,13.95,14.1,0.15,ZZO,0.02477,10409,WHITE DWARF D O
V1649 Ori,80.87946,5.391964,5.32308,6.33,6.34,0.01,DSCTC,0.0259,601649,STAR A2V
V1080 Her,249.116,16.60773333,14.19344,9.84,9.83,0.01,DSCTC,0.0262,401080,STAR A2
iot Boo,214.04137,14.26942467,51.36722,4.78,4.73,0.05,DSCTC,0.027,99009,STAR A7V
V1340 Tau,72.46775,4.831183333,17.94419,16.25,16.3,0.05,SXPHE,0.028,781340,STAR F0V
V1117 Cas,23.21317,1.547544667,60.75908,15.78,15.76,0.02,DSCTC,0.0282,181117,STAR
V449 CVn,205.58579,13.70571933,28.47569,17.83,17.79,0.04,SXPHE,0.029462,130449,STAR
gam CrB,235.68567,15.712378,26.29564,3.86,3.8,0.06,DSCTC,0.03,279003,STAR A0IV
V1644 Cyg,303.63346,20.24223067,36.80631,4.97,4.94,0.03,DSCTC,0.031,311644,STAR A2V
V650 Tau,56.86179,3.790786,23.67833,7.73,7.76,0.03,DSCTC,0.031,780650,STAR A3V
V534 Tau,56.76479,3.784319333,24.81992,8.3,8.26,0.04,DSCTC,0.032,780534,STAR A9V
MR Dra,256.10679,17.073786,52.8185,8.2,8.21,0.01,DSCTC,0.032,340280,STAR A5
CY Cnc,129.65775,8.64385,19.98975,8.1,8.14,0.04,DSCTC,0.0325,120125,STAR F0V
V2454 Cyg,320.94329,21.39621933,46.43336,17.35,17.41,0.06,DSCTC,0.033,312454,STAR
V466 Com,199.09929,13.273286,17.70031,19.58,19.32,0.26,SXPHE,0.03416,250466,STAR
V467 Com,199.10546,13.27369733,17.73011,19.69,19.37,0.32,SXPHE,0.035,250467,STAR
V461 Per,51.07992,3.405328,49.22125,8.97,8.98,0.01,DSCTC,0.035,630461,STAR F0V
UV Ari,41.23992,2.749328,12.44575,5.22,5.18,0.04,DSCTC,0.0355,70035,STAR A7III
V463 Com,199.07204,13.27146933,17.67469,19.6,19.47,0.13,SXPHE,0.0356,250463,STAR
V374 CVn,205.55075,13.70338333,28.32253,17.41,17.38,0.03,SXPHE,0.035789,130374,STAR
V696 Tau,65.15129,4.343419333,15.09544,5.28,5.22,0.06,DSCTC,0.036,780696,STAR A9IV
V2811 Oph,277.17875,18.47858333,6.85706,10.39,10.4,0.01,DSCTC:,0.03634,592811,STAR A5
V2803 Oph,276.26754,18.417836,6.43203,9.99,10,0.01,DSCTC:,0.03658,592803,STAR A1
V433 CVn,205.57246,13.70483067,28.22631,17.505,17.47,0.035,SXPHE,0.0366,130433,STAR
V469 Com,199.13433,13.275622,17.70261,19.3,19.2,0.1,SXPHE,0.03683,250469,STAR
LV UMa,143.19033,9.546022,49.63511,10.67,10.7,0.03,DSCTC:,0.037,830270,STAR
V459 Per,50.49425,3.366283333,49.21486,9.13,9.14,0.01,DSCTC,0.037,630459,STAR F0IV
V428 Com,198.248,13.21653333,18.18817,19.7,19.55,0.15,SXPHE,0.0379427,250428,STAR
V367 Com,198.17546,13.21169733,18.12764,19.85,19.65,0.2,SXPHE,0.03798,250367,STAR
HI Cnc,130.32667,8.688444667,19.261,7.91,7.92,0.01,DSCTC,0.0383,120210,STAR A7V
V381 Com,198.20279,13.21351933,18.15994,19.77,19.54,0.23,SXPHE,0.0384,250381,STAR
V1590 Her,251.71904,16.78126933,47.55639,20.8,20.2,0.6,SXPHE,0.0384563,401590,STAR
FL Cnc,131.06179,8.737452667,32.06264,6.97,7.03,0.06,DSCTC,0.03846,120175,STAR A2
V394 Com,198.21979,13.21465267,18.08281,19.1,18.9,0.2,SXPHE,0.038491,250394,STAR
V434 Boo,211.36704,14.091136,28.58028,19.35,19.25,0.1,SXPHE,0.0386109,90434,STAR
BN Cnc,130.1635,8.677566667,19.22831,7.77,7.8,0.03,DSCTC,0.038818,120091,STAR A9V
V402 CVn,205.55704,13.70380267,28.42503,18.05,18,0.05,SXPHE,0.038827,130402,STAR
BL Cam,56.83258,3.788838667,63.3785,12.32,12.92,0.6,SXPHE,0.03909844,110089,STAR
V464 Com,199.07433,13.271622,17.68111,19.46,19.37,0.09,SXPHE,0.03925,250464,STAR
V380 Com,198.20125,13.21341667,18.22183,19.69,19.5,0.19,SXPHE,0.03927,250380,STAR
V526 Cas,12.73917,0.849278,51.50803,6.37,6.34,0.03,DSCTC,0.0396,180526,STAR F5III
CN Boo,214.01725,14.26781667,18.91181,6.21,6.24,0.03,DSCTC:,0.04,90114,STAR A8
BR Cnc,129.41958,8.627972,19.51842,8.23,8.26,0.03,DSCTC,0.040035,120095,STAR F0V
V364 Com,198.16683,13.211122,18.14408,18.91,18.79,0.12,SXPHE,0.04007,250364,STAR
V425 CVn,205.56554,13.70436933,28.30469,18.1,17.9,0.2,SXPHE,0.0401,130425,STAR
V1580 Her,250.452,16.6968,36.43717,17.73,17.5,0.23,SXPHE,0.040505,401580,STAR
V627 Lac,343.80271,22.92018067,52.18889,12.27,12.24,0.03,DSCTC,0.04078,450627,STAR
V1093 Her,259.51617,17.301078,42.57031,13.95,13.97,0.02,unique,0.0408,401093,STAR B0VI
V378 Com,198.19979,13.21331933,18.16528,19.68,19.46,0.22,SXPHE,0.04105,250378,STAR
V370 Lyn,114.55729,7.637152667,38.89042,23.3,22.8,0.5,SXPHE,0.0411654,510370,STAR
eps Cep,333.75912,22.250608,57.04358,4.21,4.15,0.06,DSCTC,0.041242,209005,STAR F0IV
V446 Com,198.27071,13.21804733,18.14325,19.7,19.3,0.4,SXPHE,0.04149,250446,STAR
V2956 Cyg,306.93196,20.46213067,49.74333,11.36,11.34,0.02,DSCTC,0.04184,312956,STAR
V480 Tau,72.84358,4.856238667,18.83986,5.13,5.09,0.04,DSCTC,0.042,780480,STAR A7IV
V551 Ser,277.62079,18.50805267,5.81061,12.79,12.8,0.01,DSCTC:,0.04203,760551,STAR
PX UMa,138.93713,9.262475333,62.80875,10.06,10.01,0.05,DSCTC:,0.0422,830322,STAR A0
V448 Com,198.284,13.21893333,18.12731,19.6,19.3,0.3,SXPHE,0.04336,250448,STAR
V1062 Per,24.1085,1.607233333,54.07081,15.68,15.63,0.05,DSCTC,0.04352,631062,STAR
HU Psc,25.64929,1.709952667,10.24456,7.55,7.57,0.02,DSCTC,0.0435787,660221,STAR F1V
IK Peg,321.61108,21.44073867,19.37564,6.04,6.07,0.03,DSCTC,0.044,620228,STAR A8
V510 Peg,333.41083,22.22738867,18.90275,8.25,8.27,0.02,DSCTC,0.0441427,620510,STAR A9IV
V450 Com,198.28921,13.21928067,18.16103,19.6,19.2,0.4,SXPHE,0.04425,250450,STAR
V425 Com,198.24296,13.21619733,18.14472,19.61,19.35,0.26,SXPHE,0.04432,250425,STAR
IZ Cnc,121.75179,8.116786,15.18328,15.5,15.25,0.25,SXPHE,0.04489,120243,STAR F0V
V385 Com,198.20796,13.213864,18.14903,18.07,18.21,0.14,SXPHE,0.04493,250385,STAR
V431 Boo,211.35771,14.090514,28.51739,19.2,18.9,0.3,SXPHE,0.044961,90431,STAR
AR Tri,23.67762,1.578508,30.42444,10.63,10.6,0.03,DSCTC:,0.045,800071,STAR
V435 Boo,211.371,14.0914,28.53242,19.2,19.1,0.1,SXPHE,0.0451264,90435,STAR
V436 Com,198.25804,13.21720267,18.20842,19.74,19.44,0.3,SXPHE,0.04526,250436,STAR
V384 Com,198.20704,13.21380267,18.12386,19.1,18.6,0.5,SXPHE,0.04537,250384,STAR
LT Cnc,137.60596,9.173730667,12.14086,13.88,13.9,0.02,unique,0.0458,120268,STAR B0VI
V1836 Ori,73.81842,4.921228,12.90292,15.92,16,0.08,SXPHE,0.046,601836,STAR F0
V2447 Cyg,320.87342,21.39156133,46.38469,19.21,19.55,0.34,DSCT,0.046,312447,STAR
OV Boo,226.8435,15.1229,52.51097,19.6,18.2,1.4,EA+ZZ,0.046258341,90309,WHITE DWARF D A
V437 Com,198.25804,13.21720267,18.17028,19.6,19.1,0.5,SXPHE,0.04633,250437,STAR
V549 Ser,277.32358,18.48823867,5.65531,10.79,10.8,0.01,DSCTC:,0.04683,760549,STAR A4
V647 Tau,56.83062,3.788708,24.13911,8.3,8.25,0.05,DSCTC,0.047,780647,STAR A7V
V2810 Oph,277.14117,18.476078,6.88744,9.99,10,0.01,DSCTC:,0.04723,592810,STAR A3
V506 Aqr,321.17146,21.41143067,0.04442,14.65,14.35,0.3,DSCT,0.04739316,40506,STAR
FS CMi,114.49375,7.632916667,5.87433,13.25,12.7,0.55,DSCT,0.04741846,150182,STAR
V732 Lac,341.28146,22.75209733,49.63297,13.3,13.28,0.02,DSCTC,0.047526,450732,STAR
V2957 Cyg,306.932,20.46213333,50.35839,12.4,12.39,0.01,DSCTC,0.04758,312957,STAR
NW Com,198.19762,13.21317467,26.88117,8.48,8.43,0.05,DSCTC+GDOR,0.047852,250298,STAR A0
V447 Boo,211.41342,14.094228,28.52183,19.2,18.6,0.6,SXPHE,0.0479828,90447,STAR
V397 Com,198.22267,13.21484467,18.24608,19.42,19.13,0.29,SXPHE,0.04819,250397,STAR
V1078 Cas,19.46429,1.297619333,58.25678,15.47,15.4,0.07,DSCTC,0.048419,181078,STAR
V475 Peg,328.63958,21.90930533,14.53481,9.18,9.21,0.03,DSCTC,0.048622,620475,STAR A4V
V3036 Cyg,308.56792,20.57119467,50.72672,11.36,11.35,0.01,DSCTC,0.04867,313036,STAR
V2839 Cyg,326.75967,21.783978,43.32183,8.47,8.51,0.04,DSCTC,0.04875,312839,STAR A0
BX Cnc,130.52708,8.701805333,19.41125,7.94,7.96,0.02,DSCTC,0.048809,120101,STAR A7V
V2444 Cyg,320.84037,21.389358,46.41994,14.99,15.01,0.02,DSCTC,0.049,312444,STAR
FQ Boo,207.43396,13.82893067,8.40864,6.57,6.59,0.02,DSCTC,0.049,90180,STAR A2V
V703 Peg,323.9005,21.59336667,18.65447,17.14,17,0.14,DSCT,0.04907681,620703,STAR
V1496 Her,262.13137,17.47542467,22.57192,13.64,13.34,0.3,DSCT,0.04911085,401496,STAR
PW Lyn,114.53054,7.635369333,38.86564,23.4,22.7,0.7,SXPHE,0.049197,510321,STAR
V1565 Her,250.42692,16.695128,36.47275,17.8,16.7,1.1,SXPHE,0.0494085,401565,STAR
V368 Lyn,114.55496,7.636997333,38.86667,23.1,22.4,0.7,SXPHE,0.049438,510368,STAR
V418 Com,198.23487,13.215658,18.18489,18.15,18.07,0.08,SXPHE:,0.0495993,250418,STAR
V432 Boo,211.36679,14.09111933,28.51889,19.1,18.5,0.6,SXPHE,0.0498547,90432,STAR
V383 Com,198.20288,13.21352533,18.1695,19.7,19.2,0.5,SXPHE,0.0499567,250383,STAR
V453 Com,198.32921,13.22194733,18.11114,19.5,19,0.5,SXPHE,0.04997,250453,STAR
OO Lyn,114.50771,7.633847333,38.90289,23.3,22.7,0.6,SXPHE,0.0499945,510302,STAR
V2501 Cyg,294.24254,19.61616933,46.33997,12.09,12.03,0.06,DSCTC:,0.05,312501,STAR
V565 Peg,346.28308,23.08553867,34.28983,20.7,20.9,0.2,DSCT:,0.05,620565,STAR
EE Lyn,123.70958,8.247305333,48.82117,9.14,9.12,0.02,DSCTC,0.05,510149,STAR F0
V2503 Cyg,294.3395,19.62263333,46.40942,11.07,11.09,0.02,DSCTC:,0.05,312503,STAR
V3368 Oph,271.46825,18.09788333,5.32489,18.15,17.64,0.51,DSCT,0.050096,593368,STAR
V373 Lyn,114.562,7.637466667,38.84019,23,22.5,0.5,SXPHE,0.05038,510373,STAR
V444 Boo,211.396,14.09306667,28.51258,19,18.7,0.3,SXPHE,0.0504734,90444,STAR
BU Cnc,129.93608,8.662405333,19.27522,7.64,7.67,0.03,DSCTC,0.05051,120098,STAR A7V
V1183 Cas,345.65575,23.04371667,59.60506,7.42,7.36,0.06,DSCTC,0.050571,181183,STAR A8III
V339 Cam,64.93775,4.329183333,55.95997,12.42,12.35,0.07,DSCTC,0.0506318,110339,STAR
V746 Lac,341.45404,22.76360267,51.87558,12.39,12.37,0.02,DSCTC,0.050681,450746,STAR
V421 Boo,211.33625,14.08908333,28.53147,18.75,18.45,0.3,SXPHE,0.0507153,90421,STAR
EX Cnc,132.89296,8.859530667,11.85292,10.9,10.95,0.05,DSCTC,0.0510073,120167,STAR
V1209 Her,250.27829,16.68521933,40.70717,14.5,13.8,0.7,SXPHE,0.0512975,401209,STAR
V2959 Cyg,306.93692,20.46246133,50.42764,10.8,10.79,0.01,DSCTC,0.05167,312959,STAR
AU CrB,243.38208,16.225472,32.57853,12.5,12.3,0.2,DSCT,0.05172,270074,STAR
V386 Per,59.51308,3.967538667,34.81397,6.58,6.5,0.08,DSCTC,0.052,630386,STAR A8V
V2451 Cyg,320.89942,21.39329467,46.40303,15,15.03,0.03,DSCTC,0.052,312451,STAR
V1561 Her,250.42237,16.69482467,36.45139,17.43,17.02,0.41,SXPHE,0.052175,401561,STAR
V400 Com,198.22362,13.214908,18.14933,19.36,19.01,0.35,SXPHE,0.05252,250400,STAR
MP UMa,170.15696,11.34379733,39.35017,12.19,12.06,0.13,DSCT:,0.0526,830278,STAR
V781 Lyr,288.92671,19.26178067,40.82667,15.15,15.09,0.06,DSCTC,0.052632,520781,STAR
QX Lyn,114.53579,7.635719333,38.87114,23.6,22.56,1.04,SXPHE,0.05265,510332,STAR
V2998 Cyg,307.70542,20.51369467,51.08322,11.14,11.13,0.01,DSCTC,0.05266,312998,STAR
V734 Aur,86.02421,5.734947333,31.11211,15.3,14.5,0.8,DSCT,0.052696,80734,STAR
V355 Lyn,114.548,7.636533333,38.86717,23.2,22.7,0.5,SXPHE,0.0528674,510355,STAR
EW Cnc,132.88575,8.85905,11.84461,12.25,12.27,0.02,DSCTC,0.0530938,120166,STAR
V1745 Cyg,294.37458,19.624972,29.61511,7.34,7.3,0.04,DSCTC,0.0534,311745,STAR A3V
V2808 Oph,276.9205,18.46136667,7.14261,11.38,11.4,0.02,DSCTC:,0.05363,592808,STAR
V345 Lyn,114.54404,7.636269333,38.8315,23.1,22.7,0.4,SXPHE,0.05372,510345,STAR
V483 Tau,64.99042,4.332694667,14.03519,5.59,5.55,0.04,DSCTC,0.054,780483,STAR F0IV
V419 And,32.25971,2.150647333,39.59231,9.1,9.14,0.04,DSCTC,0.054,10419,STAR F0
V638 Ser,228.34171,15.22278067,18.26619,13.72,13.42,0.3,DSCT,0.05419111,760638,STAR
AA LMi,146.97083,9.798055333,33.28394,11.36,11.4,0.04,DSCTC,0.0542,470055,STAR
tau Peg,350.15933,23.34395533,23.74033,4.58,4.6,0.02,DSCTC,0.05433,629019,STAR A5IV
V524 Lac,341.154,22.7436,51.39069,14.02,13.97,0.05,DSCTC,0.054573,450524,STAR
V574 Dra,281.42762,18.76184133,48.52514,20.2,17.6,2.6,EA+XM,0.054908,340574,ALGOL STAR
V647 Ser,238.21412,15.88094133,6.10169,16.4,15.65,0.75,DSCT,0.05492,760647,STAR
V2453 Cyg,320.91729,21.394486,46.39889,16.13,16.14,0.01,DSCTC,0.055,312453,STAR
FM Com,184.75842,12.317228,26.00833,6.48,6.4,0.08,DSCTC,0.0551,250176,STAR A5IV
V433 Boo,211.367,14.09113333,28.54378,19,18.5,0.5,SXPHE,0.0551855,90433,STAR
OS Gem,118.23196,7.882130667,27.74664,9.495,9.53,0.035,DSCTC,0.0553,380306,STAR A7
V1247 Her,257.93788,17.19585867,30.22225,21.67,21.44,0.23,NL,0.05579861,401247,CV NOVA LIKE
GS Cet,12.71213,0.847475333,0.15358,20.85,20.65,0.2,NL,0.0558,210201,CV NOVA LIKE
V451 Dra,171.10571,11.40704733,77.70425,13.4,12.9,0.5,DSCT,0.055811,340451,STAR
V2416 Cyg,300.76771,20.05118067,59.11511,13.26,13.4,0.14,DSCT,0.05589,312416,STAR
HV And,10.23071,0.682047333,43.41656,16.7,15.2,1.5,NL,0.055994,10222,CV NOVA LIKE
GX Peg,337.89312,22.526208,29.54275,6.33,6.35,0.02,DSCTC,0.056,620206,STAR A8V
V538 Lac,341.46917,22.76461133,50.945,12.12,12.07,0.05,DSCTC,0.0561,450538,STAR
QT Vir,208.03875,13.86925,6.00133,8.48,8.5,0.02,DSCTC,0.0562,860328,STAR A3
V395 Com,198.22058,13.21470533,18.17661,18.64,18.35,0.29,SXPHE,0.05642,250395,STAR
NS Lyn,114.45788,7.630525333,38.74997,23.2,22.8,0.4,SXPHE,0.05659,510294,STAR
V608 Peg,356.06763,23.737842,32.17836,12.41,12.21,0.2,DSCT,0.057163,620608,STAR
V598 Peg,353.35829,23.55721933,15.37283,18.8,18.3,0.5,AM,0.0577,620598,CV AM HER (POLAR)
IL Leo,157.7525,10.51683333,20.476,17.2,18.2,1,XM,0.0578,460229,X-RAY BINARY
V1004 Per,48.99267,3.266178,57.44461,14.36,14.02,0.34,DSCT,0.05782,631004,STAR
BY Cnc,130.54504,8.703002667,18.93439,7.9,7.91,0.01,DSCTC,0.058,120102,STAR A7V
V2995 Cyg,307.58463,20.505642,49.71994,11.98,11.97,0.01,DSCTC,0.05801,312995,STAR
V2855 Ori,93.82388,6.254925333,6.07022,10.35,9.95,0.4,DSCT,0.0580804,602855,STAR
BM CrB,235.26954,15.684636,36.04803,20,17.3,2.7,XM,0.0583,270090,X-RAY BINARY
V663 Cas,40.63538,2.709025333,71.57764,8.95,8.89,0.06,DSCTC,0.058388,180663,STAR A0
LW UMa,149.23396,9.948930667,41.44483,10.27,10.22,0.05,DSCTC,0.0585,830271,STAR
V567 Dra,271.24504,18.08300267,69.71483,11.18,11.14,0.04,DSCTC:,0.05864,340567,STAR
OV Dra,192.59938,12.83995867,66.92375,20.7,19,1.7,EA,0.0587357,340309,ALGOL STAR
BS Cnc,129.78792,8.652528,19.59239,8.48,8.5,0.02,DSCTC,0.058741,120096,STAR A9V
NZ Boo,225.67087,15.04472467,33.57319,19.6,13.7,5.9,UGSU+E,0.05890947,90301,CV DWARF NOVA U GEM TYPE
V2821 Oph,278.02321,18.53488067,7.24894,11.89,11.9,0.01,DSCTC:,0.05936,592821,STAR
V586 Aur,72.7705,4.851366667,43.77983,12.01,12.05,0.04,DSCTC:,0.05963,80586,STAR
HT Peg,358.15458,23.876972,10.94733,5.39,5.3,0.09,DSCTC,0.06,620220,STAR A4V
V2498 Cyg,291.01558,19.40103867,29.67544,11.36,11.43,0.07,DSCTC,0.06,312498,STAR
V379 Com,198.20117,13.21341133,18.24289,18.84,18.71,0.13,SXPHE,0.06019,250379,STAR
V3002 Cyg,307.79817,20.519878,51.18628,11.29,11.25,0.04,DSCTC,0.06023,313002,STAR
V1228 Tau,56.85025,3.790016667,24.58842,7.69,7.71,0.02,DSCTC,0.0603,781228,STAR A4V
V1441 Her,270.71879,18.04791933,21.53081,13.58,13,0.58,DSCT,0.0604653,401441,STAR
V1001 Mon,98.9985,6.5999,7.75769,12.29,12.33,0.04,DSCTC,0.06047,551001,STAR
FL Cet,28.93075,1.928716667,0.46867,9.6,15.5,5.9,E+XM,0.06051621,210175,X-RAY BINARY
BV Cnc,130.13733,8.675822,19.19433,8.63,8.65,0.02,DSCTC,0.060789,120099,STAR F0V
V552 Aur,93.54087,6.236058,45.50236,14.5,11.2,3.3,AM:,0.060868,80552,STAR K0
CY Aqr,339.44937,22.629958,1.53439,11.2,10.42,0.78,SXPHE,0.061038408,40125,STAR A2
V3446 Oph,272.36508,18.157672,4.48075,15.9,15.4,0.5,DSCT,0.0610848,593446,STAR
V1004 Ori,89.60183,5.973455333,1.83711,5.92,5.88,0.04,DSCTC,0.0611,601004,STAR A5
V552 Dra,247.41792,16.494528,57.34258,13.25,13.09,0.16,DSCT,0.06114265,340552,STAR
V1549 Her,250.38529,16.69235267,36.48108,17.05,16.7,0.35,SXPHE,0.0617536,401549,STAR
V808 And,36.91129,2.460752667,43.24539,13.62,13.28,0.34,SXPHE,0.0620942,10808,STAR
V750 Aur,89.39687,5.959791333,51.63806,13.63,13.53,0.1,DSCT,0.062268,80750,STAR
PP Com,202.75375,13.51691667,26.39022,7.37,7.38,0.01,DSCTC,0.06230061,250314,STAR F1
V775 Tau,65.51467,4.367644667,14.07719,5.71,5.72,0.01,DSCTC,0.0625,780775,STAR A3
V1876 Aql,300.06121,20.00408067,5.28961,17.19,16.87,0.32,DSCT,0.062614,51876,STAR
LR Psc,16.57646,1.105097333,8.77042,11.53,11.22,0.31,DSCT,0.0627838,660266,STAR
V2801 Oph,276.13571,18.40904733,7.51267,11.99,12,0.01,DSCTC:,0.06285,592801,STAR
V360 Lyn,114.55042,7.636694667,38.89928,22.9,22.4,0.5,SXPHE,0.0628808,510360,STAR
V2988 Cyg,307.44567,20.496378,49.51519,11.35,11.34,0.01,DSCTC,0.06289,312988,STAR
CL Dra,239.44767,15.963178,54.74975,4.93,4.95,0.02,DSCTC,0.063,340112,STAR F0IV
V340 And,353.65642,23.57709467,40.23644,5.66,5.69,0.03,DSCTC,0.063,10340,STAR A1V
V496 UMa,200.267,13.35113333,56.16619,21,16.2,4.8,AM,0.0632352,830496,CV AM HER (POLAR)
V390 Cam,82.34767,5.489844667,78.9615,13.85,13.5,0.35,DSCT,0.0632385,110390,STAR
V416 UMa,202.71158,13.51410533,54.12933,14.57,13.98,0.59,DSCT,0.0633078,830416,STAR A7
V411 Dra,281.05012,18.73667467,57.21147,8.69,8.7,0.01,DSCTC,0.063319,340411,STAR A2
alf Aql,297.69583,19.84638867,8.86833,0.766,0.77,0.004,DSCTC,0.06342,59001,STAR
V851 Lac,343.41854,22.89456933,49.79306,13.01,12.98,0.03,DSCTC,0.0635,450851,STAR
AL CVn,187.43304,12.495536,32.09686,18.2,17.6,0.6,SXPHE:,0.063503,130065,STAR
V350 Dra,244.40267,16.29351133,56.23886,10.03,10.08,0.05,DSCTC,0.063656,340350,STAR A0
V1105 Cas,20.59587,1.373058,58.40233,14.83,14.76,0.07,DSCTC,0.063837,181105,STAR
V2500 Cyg,291.97133,19.46475533,33.37397,7.62,7.65,0.03,DSCTC,0.0640168,312500,STAR F1III
V474 UMa,163.76042,10.91736133,61.70478,13.86,13.43,0.43,DSCT,0.06404409,830474,STAR
BQ Cnc,130.11146,8.674097333,20.182,8.16,8.19,0.03,DSCTC,0.06412,120094,STAR F2V
V3441 Oph,272.32775,18.15518333,2.58169,14.61,14.33,0.28,DSCT,0.0645378,593441,STAR
V536 Peg,339.97579,22.66505267,13.43728,13.2,12.6,0.6,DSCT,0.0645804,620536,STAR
kap 2 Boo,213.37088,14.22472533,51.78997,4.58,4.5,0.08,DSCTC,0.06479,99010,STAR A8IV
V1009 Cep,332.17175,22.14478333,54.55508,11.17,11.11,0.06,DSCTC,0.06501,201009,STAR A3III
V1557 Her,250.41162,16.694108,36.43919,17.35,16.82,0.53,SXPHE,0.0652553,401557,STAR
V2933 Cyg,306.2695,20.41796667,50.44944,14.04,14.01,0.03,DSCTC,0.06543,312933,STAR
V541 Ser,276.16733,18.41115533,6.16789,12.46,12.5,0.04,DSCTC:,0.06559,760541,STAR
OU Com,200.32654,13.35510267,18.13944,16.8,15.5,1.3,SXPHE,0.0656853,250308,STAR
V3021 Cyg,308.21771,20.54784733,50.90747,12.64,12.63,0.01,DSCTC,0.06599,313021,STAR
V3708 Oph,270.58921,18.03928067,11.02828,12.25,12.13,0.12,DSCT,0.066005,593708,STAR
V858 Lac,343.46975,22.89798333,51.95239,12.68,12.66,0.02,DSCTC,0.066441,450858,STAR
V723 Lyr,290.98937,19.39929133,38.11442,8.21,8.17,0.04,DSCTC,0.0664549,520723,STAR F2III
BS Tri,32.37425,2.158283333,28.5415,21.5,17,4.5,E+XM:,0.06685,800096,X-RAY BINARY
V1058 Cas,12.99233,0.866155333,53.86133,13.98,14.02,0.04,DSCTC,0.06695,181058,STAR A0
rho Tau,68.46217,4.564144667,14.84442,4.89,4.9,0.01,DSCTC,0.067,789017,STAR A8V
V2807 Oph,276.88921,18.45928067,6.93322,10.69,10.7,0.01,DSCTC:,0.06734,592807,STAR A8
BW Cnc,130.21867,8.681244667,20.26653,8.47,8.48,0.01,DSCTC,0.06738,120100,STAR F0V
UU Ari,37.66008,2.510672,19.85531,6.15,6.1,0.05,DSCTC,0.0676,70034,STAR A9V
NP Lyn,138.71817,9.247878,34.30961,13.28,12.9,0.38,DSCT,0.067751,510291,STAR
CU CVn,207.08383,13.80558867,31.40106,7.67,7.6,0.07,DSCTC,0.067834,130121,STAR F0
V497 UMa,206.34033,13.756022,54.19764,13.09,12.7,0.39,DSCT,0.06794351,830497,STAR
V3004 Cyg,307.82917,20.52194467,49.77719,11.52,11.49,0.03,DSCTC,0.06808,313004,STAR
HS Cam,109.81037,7.320691333,65.96239,15.4,19.4,4,EA+XM,0.068207,110219,ALGOL STAR
V772 Lac,341.8605,22.7907,50.55394,12.67,12.66,0.01,DSCTC,0.068477,450772,STAR
V1139 Her,237.61871,15.84124733,45.96433,12.95,12.65,0.3,SXPHE,0.068587,401139,STAR
AX Tri,22.95512,1.530341333,35.22331,15.1,14.5,0.6,SXPHE,0.068983,800077,STAR
V392 Gem,92.05513,6.137008667,24.3085,16.8,16.47,0.33,DSCT,0.0691,380392,STAR
GN And,7.53071,0.502047333,29.75156,5.18,5.23,0.05,DSCTC,0.069304115,10196,STAR A9IV
V2507 Cyg,294.512,19.63413333,46.28958,13.86,14,0.14,DSCT,0.07,312507,STAR
V465 Per,52.64162,3.509441333,47.62819,8.76,8.78,0.02,DSCTC,0.07,630465,STAR A6V
V2448 Cyg,320.87421,21.391614,46.37736,14.65,14.67,0.02,DSCTC,0.07,312448,STAR
BN Tri,28.74183,1.916122,29.79364,12.35,12.15,0.2,DSCT,0.070037,800091,STAR
V2779 Oph,272.14921,18.14328067,10.17494,18.5,16.1,2.4,E+NL,0.070037,592779,CV NOVA LIKE
V441 Com,198.26392,13.21759467,18.15692,19.1,18.5,0.6,SXPHE,0.07011,250441,STAR
V803 Aur,93.05792,6.203861333,31.80678,12.65,12.9,0.25,DSCT:,0.0705196,80803,STAR
V2960 Cyg,306.94429,20.46295267,51.36281,12.84,12.82,0.02,DSCTC,0.07053,312960,STAR
V447 UMa,144.34804,9.623202667,55.14681,13.12,12.75,0.37,DSCT,0.0707116,830447,STAR
V437 CVn,205.57529,13.70501933,28.37758,17.75,16.93,0.82,SXPHE,0.071629,130437,STAR
V1277 Cas,22.99121,1.532747333,59.50394,13.3,13.23,0.07,DSCTC,0.0717537,181277,STAR
V479 Vul,295.78771,19.71918067,23.29697,13.29,13.33,0.04,DSCTC,0.071853,880479,STAR
FM Vir,191.40442,12.76029467,7.67333,5.28,5.2,0.08,DSCTC,0.07188,860176,STAR F0IV
V490 Aqr,314.69454,20.979636,1.74789,12.4,12.08,0.32,DSCT,0.07239585,40490,STAR
V406 Com,198.22829,13.21521933,18.16042,18.79,18.3,0.49,SXPHE,0.07244,250406,STAR
V1119 Cas,23.24825,1.549883333,60.82722,14.07,13.98,0.09,DSCTC,0.0725,181119,STAR
V3080 Cyg,313.00763,20.86717533,34.49831,10.54,10.4,0.14,DSCT,0.07261619,313080,STAR
DY Peg,347.21329,23.14755267,17.21556,10.62,9.95,0.67,SXPHE(B),0.072926297,620147,STAR A3
V377 Cep,351.08633,23.40575533,86.41778,6.66,6.58,0.08,DSCTC,0.072967,200377,STAR F0
V668 Lyr,281.08946,18.73929733,28.10139,7.13,7.16,0.03,DSCTC,0.0732979,520668,STAR F0
V1040 Cas,7.95054,0.530036,57.02622,14.4,14.8,0.4,DSCT:,0.0733,181040,STAR
V2820 Oph,277.82804,18.52186933,7.09006,12.69,12.7,0.01,DSCTC:,0.07343,592820,STAR
V1118 Cas,23.22846,1.548564,60.71256,15.87,15.82,0.05,DSCTC,0.0736,181118,STAR
HT Cas,17.554,1.170266667,60.07675,20.12,10.7,9.42,UGSU+EA,0.073647203,180220,CV DWARF NOVA U GEM TYPE
V407 Cep,65.28075,4.35205,81.42844,8.15,8.06,0.09,DSCTC,0.0736646,200407,STAR A3
V794 Cep,18.49592,1.233061333,84.75725,12.46,12.5,0.04,DSCTC:,0.0738,200794,STAR
V3658 Oph,280.09675,18.67311667,10.04619,15.47,14.81,0.66,DSCT,0.074142,593658,STAR
V1392 Tau,66.52458,4.434972,1.44061,12.75,12.2,0.55,DSCT,0.0744301,781392,STAR
V776 Aur,90.37208,6.024805333,29.46272,13.03,12.99,0.04,DSCTC,0.074645,80776,STAR
V2863 Cyg,294.53383,19.63558867,46.58214,10.47,10.5,0.03,DSCTC,0.0748297,312863,STAR
V436 UMa,140.2605,9.3507,49.09831,9.48,9.26,0.22,DSCT,0.0748447,830436,STAR A2
V460 And,38.55942,2.570628,42.241,13.8,13.2,0.6,DSCT,0.0749808,10460,STAR F5
V2443 Cyg,320.83971,21.389314,46.38314,13.85,13.87,0.02,DSCTC,0.075,312443,STAR
V1656 Her,259.26617,17.28441133,43.13714,17.5,16.8,0.7,SXPHE,0.0750945,401656,STAR
tet 2 Tau,67.16558,4.477705333,15.87089,3.42,3.35,0.07,DSCTC+E:,0.07564,789008,STAR A7III
V2804 Oph,276.31162,18.42077467,6.56483,11.49,11.5,0.01,DSCTC:,0.07567,592804,STAR
KP Lyn,124.82329,8.321552667,41.98342,11,10.6,0.4,DSCT,0.07593393,510249,STAR
V479 Tau,58.61346,3.907564,5.17461,7.46,7.39,0.07,DSCTC,0.076,780479,STAR F1III
V799 Aur,91.25775,6.08385,55.16433,10.7,10.4,0.3,DSCT,0.07609773,80799,STAR
V697 Lac,340.82912,22.72194133,51.30897,13.2,13.15,0.05,DSCTC,0.076346,450697,STAR
VV Ari,27.78942,1.852628,20.51436,6.73,6.69,0.04,DSCTC,0.0764,70040,STAR F0III
V455 Com,198.33658,13.22243867,18.25981,18.7,18.1,0.6,SXPHE,0.07686,250455,STAR
V802 Lac,342.56408,22.83760533,51.11,12.4,12.39,0.01,DSCTC,0.076938,450802,STAR
V1061 Per,24.03762,1.602508,54.33247,15.74,15.66,0.08,DSCTC,0.07748,631061,STAR
V435 Cam,93.83708,6.255805333,82.13706,14.1,13.7,0.4,SXPHE,0.077493,110435,STAR
V408 Boo,221.87467,14.79164467,11.97747,13.72,13.41,0.31,DSCT,0.077775,90408,STAR
V2997 Cyg,307.67458,20.51163867,49.9575,11.66,11.65,0.01,DSCTC,0.07787,312997,STAR
PU UMa,135.26638,9.017758667,48.15328,21.2,16.2,5,UG+EA,0.0778805,830319,CV DWARF NOVA U GEM TYPE
V1462 Her,246.67958,16.44530533,23.49503,12.26,11.92,0.34,DSCT,0.0779339,401462,STAR
V791 And,17.34292,1.156194667,36.03822,14.35,14.09,0.26,DSCT,0.0779986,10791,STAR
V729 Vir,216.18071,14.41204733,4.64725,13.44,12.92,0.52,DSCT,0.07824385,860729,STAR
V3000 Cyg,307.75687,20.51712467,50.23742,11.74,11.73,0.01,DSCTC,0.07832,313000,STAR
V736 Lyr,278.62292,18.57486133,35.07339,12.68,12.57,0.11,DSCT,0.0784802,520736,STAR
V477 Vul,295.77817,19.71854467,23.27703,13.4,13.46,0.06,DSCTC,0.0785819,880477,STAR
FR Lyn,133.55838,8.903892,39.09422,20,18.8,1.2,XM,0.07865,510181,X-RAY BINARY
GP And,13.82563,0.921708667,23.16372,9.93,10.53,0.6,DSCT,0.078682762,10198,STAR A3
DQ Cep,314.45254,20.96350267,55.48767,7.39,7.32,0.07,DSCTC,0.0788686,200139,STAR F2II
V3363 Oph,271.40846,18.09389733,2.27428,15.5,15,0.5,DSCT,0.0790113,593363,STAR
V495 UMa,195.75679,13.05045267,60.02114,13.18,12.6,0.58,DSCT,0.0794713,830495,STAR
V620 Her,257.76317,17.18421133,24.23769,6.23,6.19,0.04,DSCTC,0.0797,400620,STAR A8V
AN UMa,166.10688,11.073792,45.05383,20.2,14.9,5.3,E+XRM,0.0797522,830067,X-RAY BINARY
RX Sex,156.53833,10.43588867,3.93253,6.68,6.7,0.02,DSCTC,0.0799,770016,STAR A3V
V834 Lac,343.18104,22.878736,50.54831,12.81,12.78,0.03,DSCTC,0.0799,450834,STAR
V746 Aur,89.23946,5.949297333,29.78533,13.58,13.53,0.05,DSCTC,0.079948,80746,STAR
V675 And,353.35046,23.55669733,48.76064,11.56,11.6,0.04,DSCTC:,0.08,10675,STAR
AG Psc,9.19712,0.613141333,15.23172,5.94,5.81,0.13,BCEP,0.08,660061,STAR B2IV
V2505 Cyg,294.38379,19.625586,46.32083,11.45,11.47,0.02,DSCTC:,0.08,312505,STAR
AS Tri,30.99258,2.066172,29.90492,8.16,8.25,0.09,DSCTC,0.08,800072,STAR F0
V879 Lac,343.78146,22.918764,48.99211,12.71,12.68,0.03,DSCTC,0.08002,450879,STAR
V2961 Cyg,306.95479,20.46365267,49.60003,12.08,12.06,0.02,DSCTC,0.08019,312961,STAR
V354 Dra,250.23821,16.68254733,53.68586,15.05,15.06,0.01,unique,0.0803,340354,WHITE DWARF D C
V973 Cep,313.12942,20.87529467,70.91119,12.6,12.2,0.4,DSCT,0.0806305,200973,STAR
V482 Peg,329.63633,21.97575533,21.82356,12.54,12.33,0.21,DSCT,0.080784,620482,STAR
V1237 Her,255.22208,17.01480533,40.06622,19.5,17.9,1.6,XM,0.0808017,401237,X-RAY BINARY
V2442 Cyg,320.82738,21.388492,46.35669,15.47,15.49,0.02,DSCTC,0.081,312442,STAR
DR Ari,34.12617,2.275078,21.29719,11.11,10.86,0.25,DSCT,0.0813436,70140,STAR
DG Leo,147.45871,9.830580667,21.17942,6.12,6.08,0.04,DSCTC,0.08184505,460130,STAR A8IV
PT Com,183.41992,12.22799467,17.24383,12.31,12.03,0.28,DSCT,0.0821125,250318,STAR
V468 UMa,155.39721,10.359814,40.52814,14.18,13.69,0.49,DSCT,0.0821588,830468,STAR
NT Cam,126.073,8.404866667,74.50706,13.5,13.1,0.4,DSCT,0.082417,110295,STAR
V690 Per,54.22646,3.615097333,40.92769,12.15,12.2,0.05,DSCTC:,0.083,630690,STAR
V2445 Cyg,320.84554,21.38970267,46.37364,18.09,18.16,0.07,DSCTC,0.083,312445,STAR
V1663 Her,259.29129,17.286086,43.12858,17.3,16.8,0.5,SXPHE,0.08301308,401663,STAR
DL UMa,144.17063,9.611375333,69.63661,7.494,7.55,0.056,DSCTC+E,0.0831,830134,STAR F0
V3012 Cyg,308.03158,20.53543867,50.74642,11.72,11.71,0.01,DSCTC,0.08317,313012,STAR
V2951 Oph,262.52688,17.501792,3.63883,20,16.5,3.5,XM,0.0834785,592951,X-RAY BINARY
V1416 Tau,89.83696,5.989130667,28.39281,14.76,14.64,0.12,DSCT,0.08349,781416,STAR
V546 Ser,277.01696,18.46779733,5.97031,10.29,10.3,0.01,DSCTC:,0.08375,760546,STAR F0
V3045 Cyg,308.70729,20.580486,49.88764,12.16,12.14,0.02,DSCTC,0.08397,313045,STAR
V741 Aur,88.84658,5.923105333,30.09078,13.12,13.07,0.05,DSCTC,0.084258,80741,STAR
LS Cet,36.12387,2.408258,8.20853,11.5,11.3,0.2,DSCT,0.0842987,210267,STAR
V1513 Her,269.03883,17.935922,43.01503,13.42,12.94,0.48,DSCT,0.084342,401513,STAR
V959 Oph,272.75946,18.183964,3.1795,13.1,12.4,0.7,DSCT,0.08446,590959,STAR
V877 Lac,343.75925,22.91728333,51.69481,13.18,13.14,0.04,DSCTC,0.08451,450877,STAR
V1189 Her,247.40229,16.493486,26.58881,19.58,18.95,0.63,NL:,0.0846,401189,CV NOVA LIKE
V1508 Her,268.26029,17.88401933,37.22039,12.75,12.8,0.05,DSCTC,0.084704,401508,STAR
GP Cnc,129.5405,8.636033333,7.22583,11.63,11.53,0.1,DSCTC,0.0849428,120198,STAR
V965 Cep,2.45571,0.163714,80.36144,14.01,13.76,0.25,DSCT,0.0850695,200965,STAR
V2450 Cyg,320.88979,21.39265267,46.36881,16.42,16.45,0.03,DSCTC,0.086,312450,STAR
AE UMa,144.2215,9.614766667,44.06678,11.52,10.86,0.66,SXPHE:,0.086017055,830059,STAR A9
V2013 Aql,302.89371,20.192914,7.85119,13.2,12.85,0.35,DSCT,0.0860769,52013,STAR
V572 Cam,180.82196,12.05479733,80.56186,11.9,11.5,0.4,DSCT,0.086337,110572,STAR
V878 Cas,0.22042,0.014694667,62.42078,16,15.6,0.4,DSCT,0.0865524,180878,STAR
V735 Cas,359.37887,23.95859133,56.66372,14.07,14.03,0.04,DSCTC,0.0866,180735,STAR
V1425 Tau,84.96767,5.664511333,20.01939,12.2,11.85,0.35,DSCT,0.0866005,781425,STAR
V417 Boo,235.40412,15.693608,51.99028,13.26,12.81,0.45,DSCT,0.0866494,90417,STAR
V2008 Aql,302.04979,20.13665267,10.84772,12.26,11.9,0.36,DSCT,0.0868642,52008,STAR
V872 Lac,343.61992,22.90799467,52.08725,14.83,14.77,0.06,DSCTC,0.0869,450872,STAR
KO Psc,17.60063,1.173375333,27.32089,12.7,12.3,0.4,DSCT,0.08697753,660248,STAR
V550 Aur,90.61012,6.040674667,49.86572,13.08,13.01,0.07,DSCTC,0.087,80550,STAR
EU Cnc,132.86317,8.857544667,11.78261,21,20.4,0.6,XM,0.0871,120164,X-RAY BINARY
V3423 Oph,272.05767,18.137178,7.68789,16.42,15.92,0.5,DSCT,0.087227,593423,STAR
LQ Lyn,131.54233,8.769488667,43.07528,14.62,14.44,0.18,DSCT,0.0873765,510265,STAR
V3124 Cyg,318.22371,21.214914,33.29286,10.69,10.47,0.22,DSCT,0.0878477,313124,STAR
V1276 Cyg,295.70463,19.713642,29.33175,6.53,6.5,0.03,DSCTC,0.088,311276,STAR F3III
V378 Sge,296.39358,19.759572,18.67494,12.77,12.8,0.03,DSCTC:,0.088,710378,STAR
KW Aur,78.85162,5.256774667,32.68761,5.08,4.95,0.13,DSCTC+ELL,0.088088,80256,STAR A9IV
DE CMi,122.49362,8.166241333,1.0205,7.9,7.96,0.06,DSCTC,0.088474,150128,STAR F0
V2608 Cyg,318.33225,21.22215,42.42408,16.72,16.64,0.08,DSCTC,0.088957,312608,STAR
BT CrB,239.23729,15.94915267,35.3935,20.4,18.9,1.5,EA,0.0892,270097,ALGOL STAR
V763 Lac,341.77975,22.78531667,50.021,13.03,12.99,0.04,DSCTC,0.089485,450763,STAR
V528 And,20.74921,1.383280667,36.47131,13.05,12.8,0.25,SXPHE,0.089613,10528,STAR
V743 Aur,88.99104,5.932736,28.84256,15.32,14.98,0.34,DSCT,0.089795,80743,STAR
V381 Sge,300.45279,20.030186,16.5125,7.77,7.81,0.04,DSCTC,0.0898874,710381,STAR F0
IQ Cam,66.52863,4.435242,54.47153,14.63,14.48,0.15,E,0.09017945,110234,STAR B0VI
V457 Peg,327.11425,21.80761667,22.61719,12.7,12.5,0.2,DSCT,0.090258,620457,STAR
V710 Aur,79.07771,5.271847333,38.91975,14.12,14.06,0.06,DSCTC,0.090465,80710,STAR
V469 UMa,155.42046,10.361364,50.29239,10.96,10.9,0.06,DSCTC,0.0907,830469,STAR
V377 Boo,230.58971,15.37264733,32.97925,12.3,11.9,0.4,DSCT,0.090709,90377,STAR
V611 Cam,108.55996,7.237330667,73.45822,14.3,13.9,0.4,DSCT,0.090844,110611,STAR
HU Leo,141.18529,9.412352667,8.03083,21.5,18.2,3.3,EA+AM:,0.0911411,460221,ALGOL STAR
V595 Cam,54.31188,3.620792,60.04481,16.6,16.1,0.5,DSCT,0.091289,110595,STAR
V398 UMa,177.17525,11.81168333,54.71881,12.1,11.7,0.4,DSCT,0.0913422,830398,STAR
V2712 Cyg,314.50642,20.96709467,35.15539,10.7,10.77,0.07,DSCTC,0.09208,312712,STAR
V2795 Oph,275.54242,18.36949467,6.389,12.89,12.9,0.01,DSCTC:,0.09225,592795,STAR
V594 Dra,305.28883,20.35258867,62.04886,12.48,12.05,0.43,DSCT,0.0922725,340594,STAR
V2711 Oph,256.34771,17.08984733,3.43861,7.26,7.31,0.05,DSCTC,0.0931015,592711,STAR F0IV
RV Ari,33.78108,2.252072,18.07444,10.86,11.61,0.75,DSCT,0.09312808,70014,STAR A0
V488 Gem,106.21837,7.081224667,10.45672,12.65,12.25,0.4,DSCT,0.093253,380488,STAR
V2455 Cyg,322.10233,21.47348867,46.67522,8.97,8.53,0.44,DSCT,0.0942075,312455,STAR F2
V849 Lac,343.37908,22.89193867,51.55992,12.74,12.72,0.02,DSCTC,0.094294,450849,STAR
QS Dra,230.39454,15.359636,61.48964,13.45,13,0.45,DSCT,0.0944226,340327,STAR
V524 And,16.44646,1.096430667,44.58436,12.75,12.35,0.4,SXPHE,0.094493,10524,STAR
V540 Ser,275.865,18.391,6.20131,12.76,12.8,0.04,DSCTC:,0.09452,760540,STAR
V1249 Cas,3.79396,0.252930667,60.35572,13.66,13.52,0.14,DSCT:,0.09468,181249,STAR
V1116 Her,247.56833,16.50455533,16.91833,11.45,11.16,0.29,DSCT,0.094681,401116,STAR
V407 Sge,298.89954,19.926636,20.97167,15.95,15.57,0.38,DSCT,0.094878,710407,STAR
AZ CMi,116.03179,7.735452667,2.40542,6.51,6.44,0.07,DSCTC,0.095205,150079,STAR F0V
V547 Lac,341.83921,22.78928067,39.15614,12.4,12.1,0.3,DSCT,0.095256,450547,STAR
V2702 Cyg,301.461,20.0974,30.98258,12.4,12.25,0.15,DSCT,0.0955,312702,STAR
V470 Cam,107.67529,7.178352667,66.92878,15.62,14.52,1.1,EA,0.095646609,110470,STAR B0VI
V2812 Oph,277.24183,18.48278867,7.47561,12.23,12,0.23,DSCT,0.09568,592812,STAR
V2917 Cyg,304.93733,20.32915533,58.48889,11.2,11,0.2,DSCT,0.0957838,312917,STAR
V548 Aur,90.522,6.0348,49.81983,15.42,15.32,0.1,DSCT,0.096,80548,STAR
V478 And,4.73279,0.315519333,22.66117,10.6,10.38,0.22,DSCT,0.096,10478,STAR
V778 Lac,341.90133,22.793422,49.08964,12.77,12.72,0.05,DSCTC,0.096296,450778,STAR
V515 Peg,334.39504,22.29300267,15.52592,11.33,11.24,0.09,DSCTC,0.096321,620515,STAR
V2987 Cyg,307.43904,20.495936,50.54839,10.74,10.73,0.01,DSCTC,0.09654,312987,STAR
YZ UMi,233.87596,15.59173067,85.6275,12.53,12.15,0.38,DSCT,0.096605,840053,STAR
V986 Per,41.15658,2.743772,48.06564,12.2,12.03,0.17,DSCT,0.0969,630986,STAR
V852 Lac,343.42121,22.89474733,51.79314,12.88,12.86,0.02,DSCTC,0.09699,450852,STAR
V2581 Cyg,317.89333,21.19288867,44.2,15.38,15.5,0.12,DSCT,0.09701,312581,STAR
V3583 Oph,275.12538,18.341692,3.80069,15.8,15.2,0.6,DSCT,0.097296,593583,STAR
V519 Vul,298.21104,19.880736,20.86164,16.26,15.79,0.47,DSCT,0.097301,880519,STAR
V542 Vul,298.77171,19.918114,21.29186,15.06,14.82,0.24,DSCT,0.097395,880542,STAR
V715 Lac,341.13042,22.742028,50.75667,13.14,13.12,0.02,DSCTC,0.097798,450715,STAR
V1889 Aql,302.912,20.19413333,16.10775,9.12,8.93,0.19,DSCTC,0.0980262,51889,STAR F0
V1535 Her,281.93246,18.79549733,23.22,11.41,11.18,0.23,DSCT,0.09811755,401535,STAR A5
V1883 Aql,300.30383,20.02025533,5.31936,17.66,16.93,0.73,DSCT,0.098432,51883,STAR
V2798 Oph,275.92696,18.39513067,6.4025,11.09,11.1,0.01,DSCTC:,0.09855,592798,STAR
V2855 Cyg,292.86304,19.52420267,46.96914,12.25,12.13,0.12,DSCT,0.0988147,312855,STAR
V824 Lac,342.941,22.86273333,52.56942,13.03,13.01,0.02,DSCTC,0.09883,450824,STAR
V1502 Her,264.25354,17.61690267,25.53633,13.3,12.75,0.55,DSCT,0.0991961,401502,STAR
V757 Peg,349.60867,23.30724467,17.96228,13.56,13.2,0.36,DSCT,0.0993375,620757,STAR A5
V376 Per,57.28383,3.818922,43.96308,5.91,5.77,0.14,DSCT,0.09937,630376,STAR A7III
V670 And,352.65521,23.51034733,46.40119,10.91,10.62,0.29,DSCT,0.09966,10670,STAR
V2694 Cyg,298.6645,19.91096667,32.93411,11,11.05,0.05,DSCTC,0.0997415,312694,STAR A0
GT CVn,202.51346,13.50089733,43.50358,14.03,13.62,0.41,DSCT,0.0998923,130202,STAR
V2754 Oph,267.90792,17.860528,8.73375,15.9,15.3,0.6,DSCT,0.0999541,592754,STAR
CN Dra,296.68613,19.77907533,68.438,6.2,6.29,0.09,DSCTC,0.1,340114,STAR F0III
V2446 Cyg,320.84888,21.38992533,46.38314,17.82,17.83,0.01,DSCTC:,0.1,312446,STAR
bet Cas,2.29454,0.152969333,59.14978,2.38,2.35,0.03,DSCTC,0.100137,189002,STAR F2III
V3424 Oph,272.06054,18.13736933,4.79997,15.35,14.7,0.65,DSCT:,0.100233,593424,STAR
CX Cnc,127.15325,8.476883333,24.14494,6.14,6.09,0.05,DSCTC,0.100245,120124,STAR F0V
V704 Peg,323.99542,21.59969467,6.07394,7.83,7.79,0.04,DSCTC,0.100702,620704,STAR F0
V1016 Cep,346.80371,23.12024733,71.67433,13.207,13.24,0.033,DSCTC,0.10073,201016,STAR
V819 And,359.89675,23.99311667,36.33381,11.77,11.74,0.03,DSCTC,0.100836,10819,STAR
V521 And,15.3605,1.024033333,38.05356,11.25,11.29,0.04,DSCTC,0.10096,10521,STAR F0
V1062 Cep,328.28625,21.88575,59.20031,12.6,12.56,0.04,DSCTC,0.1018073,201062,STAR
V593 Lyr,278.02679,18.53511933,40.59906,11.13,11.75,0.62,DSCT,0.102141,520593,STAR
V792 Aur,90.85825,6.057216667,29.10047,14.43,14.3,0.13,DSCT,0.1022,80792,STAR
BT Cnc,129.92775,8.66185,19.77847,6.59,6.66,0.07,DSCTC,0.102278,120097,STAR F0III
V2887 Cyg,299.76558,19.984372,38.34286,15.37,15.55,0.18,DSCT:,0.1027,312887,STAR
V1088 Cep,329.84683,21.98978867,59.41581,14.72,14.33,0.39,DSCT,0.1027306,201088,STAR
HR Cam,109.29058,7.286038667,74.01147,14.91,14.97,0.06,R,0.10306437,110218,WHITE DWARF D A
V3092 Cyg,314.68921,20.97928067,34.11322,12.57,12.23,0.34,DSCT,0.103076,313092,STAR
XX Psc,11.80679,0.787119333,19.57869,6.09,6.13,0.04,DSCTC:,0.104,660049,STAR F0V
V654 Aur,112.29462,7.486308,36.97739,20.7,19.5,1.2,XM,0.104,80654,X-RAY BINARY
V410 Boo,222.53175,14.83545,38.24881,13.5,13.29,0.21,DSCT,0.1040193,90410,STAR
YZ Boo,231.02917,15.40194467,36.86683,10.8,10.3,0.5,DSCT,0.104092,90053,STAR A6
V807 Aur,99.95342,6.663561333,46.95414,14.4,14.05,0.35,DSCT,0.1043815,80807,STAR
V3037 Cyg,308.57417,20.57161133,50.69356,10.97,10.96,0.01,DSCTC,0.10445,313037,STAR
V396 And,357.88933,23.85928867,47.48775,7.95,7.92,0.03,DSCTC,0.104731,10396,STAR F0
V738 Tau,55.80771,3.720514,24.086,16,14.9,1.1,DSCT:,0.105,780738,STAR
AP CrB,238.55167,15.90344467,27.36422,15.85,16.5,0.65,XM,0.105462,270069,WHITE DWARF
V643 Ser,234.00842,15.60056133,11.11631,13.05,12.6,0.45,DSCT,0.1055044,760643,STAR
V544 And,26.11654,1.741102667,37.98158,13.5,12.9,0.6,SXPHE,0.10694,10544,STAR
V1384 Tau,58.53029,3.902019333,7.98761,11.4,11,0.4,DSCT,0.1073918,781384,STAR
V465 Peg,327.968,21.86453333,17.74539,13.9,13.4,0.5,DSCT,0.1077213,620465,STAR
V586 Lac,342.76933,22.85128867,51.34467,13.33,13.18,0.15,DSCT,0.107815,450586,STAR
V3193 Oph,269.07446,17.93829733,6.37861,15.3,14.65,0.65,DSCT,0.107927,593193,STAR
V2441 Cyg,320.80871,21.38724733,46.41119,19.11,19.17,0.06,DSCTC,0.108,312441,STAR
V652 Her,252.01958,16.80130533,13.26181,10.61,10.5,0.11,unique,0.10800182,400652,STAR B1
V1084 Her,250.94042,16.72936133,34.04433,12.75,12.48,0.27,NL,0.1081,401084,CV NOVA LIKE
V1166 Her,245.00767,16.33384467,4.47794,13.3,12.5,0.8,DSCT,0.108157,401166,STAR
LT Vul,285.927,19.0618,21.26833,6.62,6.52,0.1,DSCT,0.109,880268,STAR F2III
V784 Cas,32.60629,2.173752667,59.97981,6.7,6.61,0.09,DSCTC,0.10921,180784,STAR F5II
V761 Peg,350.23521,23.349014,34.86414,13.32,12.95,0.37,DSCT,0.1092466,620761,STAR
V2684 Cyg,294.98304,19.665536,52.58606,11.2,10.9,0.3,DSCT,0.1092685,312684,STAR
V774 Lac,341.86617,22.791078,50.05867,12.12,12.09,0.03,DSCTC,0.109376,450774,STAR
V1045 Per,67.11117,4.474078,32.46956,13.77,13.69,0.08,DSCTC,0.10943,631045,STAR
BP Peg,323.30638,21.55375867,22.74008,12.28,11.69,0.59,DSCT(B),0.109543375,620093,STAR A0
V539 Aur,87.96046,5.864030667,32.54303,15.5,16.05,0.55,DSCT,0.109835,80539,STAR
V2506 Cyg,294.49483,19.63298867,46.23875,10.88,11.01,0.13,DSCT,0.11,312506,STAR
V1111 Cas,23.027,1.535133333,60.75744,17.01,16.97,0.04,DSCTC,0.11,181111,STAR
V588 Mon,99.77458,6.651638667,9.68428,9.72,9.66,0.06,DSCTC,0.11,550588,STAR A7III
V2818 Oph,277.74912,18.516608,7.19725,10.69,10.7,0.01,DSCTC:,0.11008,592818,STAR
V1090 Per,50.67708,3.378472,39.10961,12.3,11.6,0.7,DSCT,0.11010541,631090,STAR
V1828 Aql,305.00192,20.33346133,4.63236,13.93,13.13,0.8,EA,0.1103741,51828,ALGOL STAR
V607 Lac,343.22817,22.881878,52.58406,14.14,14.05,0.09,DSCTC,0.111003,450607,STAR
V2814 Oph,277.29233,18.48615533,6.73075,12.88,12.9,0.02,DSCTC:,0.11138,592814,STAR
V822 Cep,308.16825,20.54455,60.76147,17.74,17.52,0.22,DSCT:,0.11142,200822,STAR
V519 Gem,120.06467,8.004311333,28.34956,10.12,10.05,0.07,DSCTC:,0.11174,380519,STAR
V2770 Oph,271.65517,18.11034467,10.11983,16.31,15.76,0.55,SXPHE,0.1123,592770,STAR
V2850 Cyg,290.56063,19.37070867,49.55683,11.17,11.2,0.03,DSCTC,0.11231,312850,STAR
V781 And,353.95929,23.597286,48.72858,11.86,11.94,0.08,DSCTC,0.112625,10781,STAR
V373 And,31.44258,2.096172,39.75978,7.69,7.63,0.06,DSCTC,0.112802,10373,STAR F0
OR Dra,180.15629,12.01041933,69.18547,7.44,7.4,0.04,DSCT,0.112829,340305,STAR F2
V336 Boo,236.1525,15.7435,46.32286,12.7,12.35,0.35,SXPHE,0.112892,90336,STAR
V491 Lac,336.58,22.43866667,52.25047,13.05,12.93,0.12,DSCT,0.1134,450491,STAR
V837 Lac,343.198,22.87986667,50.46103,12.77,12.74,0.03,DSCTC,0.113953,450837,STAR
DT CVn,192.54475,12.83631667,37.51694,6.01,6.04,0.03,DSCTC,0.114,130142,STAR A3V
V361 And,17.43883,1.162588667,38.12453,7.83,7.79,0.04,DSCTC,0.11405,10361,STAR F0
EU Lyn,118.16854,7.877902667,36.47314,19.5,17.6,1.9,E+AM,0.1142,510164,CV AM HER (POLAR)
V887 Lac,343.93404,22.928936,52.50214,13.42,13.38,0.04,DSCTC,0.11432,450887,STAR
V437 Sge,301.71508,20.11433867,17.72389,11.65,11.3,0.35,DSCT,0.1146652,710437,STAR F0
V601 Vul,319.77204,21.318136,27.52997,12.82,12.52,0.3,DSCT,0.11488932,880601,STAR
V662 Cas,19.51125,1.30075,65.29161,10.9,11,0.1,X,0.115,180662,STAR B1I
V691 Per,54.31258,3.620838667,40.89986,11.17,11.2,0.03,DSCTC:,0.115,630691,STAR
V442 Gem,100.13754,6.675836,21.81586,13.76,13.4,0.36,DSCT,0.115021,380442,STAR
V644 Her,253.81662,16.921108,13.61992,6.36,6.32,0.04,DSCTC,0.11505449,400644,STAR F2IV
V3653 Oph,279.97867,18.66524467,9.22739,13.59,13.4,0.19,SXPHE,0.115325,593653,STAR
MX UMa,176.97033,11.798022,53.01514,8.7,8.78,0.08,DSCTC,0.116,830286,STAR F3IV
AI CVn,185.94588,12.396392,42.54275,6.15,5.89,0.26,DSCT,0.1163,130063,STAR F3IV
V3648 Oph,279.90862,18.66057467,10.03589,15.79,15.59,0.2,SXPHE,0.116531,593648,STAR
V836 Lyr,277.44775,18.49651667,37.75017,13,12.7,0.3,DSCT,0.116576,520836,STAR
KZ Lac,334.69371,22.312914,50.53,15.2,14.6,0.6,DSCT,0.11659064,450259,STAR
V2703 Cyg,302.00662,20.13377467,30.87892,12.53,12.45,0.08,DSCTC,0.1166,312703,STAR
V1235 Tau,68.04246,4.536164,17.72172,11,10.96,0.04,DSCTC,0.1169,781235,STAR F3
V1282 Cas,38.87212,2.591474667,57.74881,14.56,14.3,0.26,DSCT,0.117107,181282,STAR
V409 Sge,298.95829,19.93055267,20.51244,16.83,16.44,0.39,DSCT,0.11738,710409,STAR
V403 Gem,101.00442,6.733628,22.74214,12.7,12.3,0.4,DSCT,0.1177,380403,STAR
V1505 Her,266.86421,17.79094733,40.58533,11.02,10.88,0.14,DSCT,0.118184,401505,STAR
V475 Ser,237.44429,15.82961933,23.91478,12.6,12.37,0.23,DSCT,0.119955,760475,STAR
KP Cnc,123.61271,8.240847333,20.70781,7.26,7.3,0.04,DSCTC,0.12,120249,STAR F2
DD UMa,139.04721,9.269814,54.02186,4.99,5.02,0.03,DSCTC,0.12,830127,STAR A5V
V2504 Cyg,294.35033,19.62335533,46.39781,11.45,11.52,0.07,DSCTC:,0.12,312504,STAR
SZ Lyn,122.39896,8.159930667,44.47156,9.72,9.08,0.64,DSCT,0.12053492,510026,STAR A7
V1277 Tau,56.72863,3.781908667,24.46667,16.66,16.74,0.08,BY,0.121,781277,STAR
BI CMi,121.38213,8.092142,2.15881,9.29,9.19,0.1,DSCT,0.12128,150087,STAR F2
V891 Lac,344.03362,22.93557467,52.58342,12.69,12.67,0.02,DSCTC,0.12132,450891,STAR
V367 Cam,70.22996,4.681997333,53.63514,10.9,10.69,0.21,DSCT,0.121596,110367,STAR
AO CVn,199.38558,13.292372,40.57261,4.75,4.7,0.05,DSCTC,0.12168,130068,STAR F3IV
V2799 Cyg,318.40308,21.226872,47.09456,12.94,12.89,0.05,DSCTC,0.121807,312799,STAR
V1290 Cas,348.32333,23.22155533,58.49172,13.25,12.96,0.29,DSCT,0.121982,181290,STAR
V592 Cas,5.21767,0.347844667,55.7045,12.85,12.53,0.32,NL,0.12228,180592,CV NOVA LIKE
V402 Cep,7.33392,0.488928,79.87833,10.64,10.56,0.08,DSCTC,0.122888,200402,STAR F2
AD CMi,118.19658,7.879772,1.59736,9.51,9.21,0.3,DSCT,0.1229746,150058,STAR F0III
BF Ari,27.92317,1.861544667,12.74169,14.78,15.18,0.4,unique,0.123,70084,STAR
V799 Lac,342.52292,22.83486133,51.68767,12.87,12.83,0.04,DSCTC,0.123,450799,STAR
V896 Cep,339.31487,22.62099133,82.17425,15.65,15.73,0.08,ELL,0.12368,200896,WHITE DWARF D A
V1113 Cas,23.04633,1.536422,60.59639,15.17,15.15,0.02,DSCTC,0.1239,181113,STAR
V589 Mon,99.86858,6.657905333,9.70111,10.22,10.27,0.05,DSCTC,0.124,550589,STAR F2III
CC And,10.95004,0.730002667,42.28214,9.46,9.19,0.27,DSCT,0.1249078,10104,STAR F3IV
V3078 Oph,266.357,17.75713333,2.27942,15.85,15.1,0.75,DSCT,0.126262,593078,STAR
V1064 Per,24.42658,1.628438667,54.25133,16.21,16.14,0.07,DSCTC,0.12688,631064,STAR
V1052 Cas,11.59854,0.773236,63.32686,11.35,11.31,0.04,DSCTC,0.127,181052,STAR
V432 Gem,115.06967,7.671311333,23.63147,18.15,18.4,0.25,DSCT:,0.127,380432,STAR
V2838 Cyg,324.69325,21.64621667,48.32283,13.5,13.28,0.22,DSCT,0.128,312838,STAR
V790 Aur,90.8395,6.055966667,30.30456,13.33,13.27,0.06,DSCTC:,0.128193,80790,STAR
V839 Lac,343.22863,22.88190867,49.36736,12.32,12.05,0.27,DSCT,0.1283112,450839,STAR
AM Her,274.05558,18.270372,49.86781,15.7,12.3,3.4,AM/XRM+E,0.128927,400066,CV AM HER (POLAR)
V2979 Cyg,307.30704,20.487136,50.72353,12.62,12.59,0.03,DSCTC,0.12895,312979,STAR
V749 Lac,341.52829,22.76855267,52.37825,14.57,14.51,0.06,DSCTC,0.12958,450749,STAR
V862 Lac,343.51858,22.90123867,51.28403,14.85,14.78,0.07,DSCTC,0.12967,450862,STAR
V870 Lyr,286.33087,19.08872467,30.25683,18.3,16,2.3,NL+EA,0.129694,520870,CV NOVA LIKE
V2695 Cyg,298.84917,19.923278,37.48319,11.39,11.22,0.17,DSCT,0.1297,312695,STAR
V871 Cas,353.57217,23.571478,55.89931,12.32,12.5,0.18,DSCT,0.129701,180871,STAR
V464 Lac,331.21879,22.08125267,46.45022,12.71,12.75,0.04,DSCTC,0.12987,450464,STAR
V2502 Cyg,294.26346,19.617564,46.32381,10.9,10.84,0.06,DSCTC:,0.13,312502,STAR A4
V818 Cyg,298.41892,19.89459467,36.6795,16.9,16,0.9,DSCT:,0.13,310818,STAR
V2706 Cyg,308.03675,20.53578333,31.40472,16.16,15.8,0.36,DSCT,0.13004,312706,STAR
V683 Lac,338.70021,22.580014,38.03786,11.15,10.94,0.21,DSCT,0.1301345,450683,STAR
V579 Lac,342.61113,22.840742,52.13808,13.93,13.87,0.06,DSCTC,0.13052,450579,STAR
V1086 Her,252.16354,16.81090267,30.46264,13,13.1,0.1,DSCT,0.130597,401086,STAR
V817 Lyr,291.16067,19.41071133,43.23781,14.47,14.37,0.1,DSCT:,0.130665,520817,STAR
V1280 Cas,23.04046,1.536030667,59.46686,12.17,12.09,0.08,DSCTC,0.130893,181280,STAR
V2980 Cyg,307.32187,20.48812467,49.7325,12.77,12.74,0.03,DSCTC,0.13093,312980,STAR
VX Psc,22.47025,1.498016667,18.35567,6.02,5.9,0.12,DSCT,0.131,660042,STAR A3V
V1393 Cas,354.57146,23.63809733,56.476,13.95,13.82,0.13,DSCT,0.131,181393,STAR
V3364 Oph,271.41421,18.09428067,5.16994,16.1,15.7,0.4,DSCT,0.13187,593364,STAR
BC UMi,230.66592,15.377728,74.25478,13.1,12.4,0.7,SXPHE,0.13224446,840081,STAR
V519 Ser,242.53129,16.16875267,3.87578,18,16.5,1.5,XM,0.13232,760519,WHITE DWARF
ups UMa,147.74733,9.849822,59.03875,3.86,3.68,0.18,DSCT,0.1327,839020,STAR F2IV
V2949 Cyg,306.59754,20.439836,50.0935,12.77,12.75,0.02,DSCTC,0.13274,312949,STAR
MW Cam,186.68225,12.44548333,81.47397,9.36,9.25,0.11,DSCT,0.132792,110285,STAR F0
BZ Boo,204.58912,13.63927467,27.28711,8.17,8.2,0.03,DSCTC:,0.1329,90103,STAR A5
V682 Aur,76.26067,5.084044667,35.68506,15.71,15.66,0.05,DSCTC,0.133,80682,STAR
V792 Cep,17.00425,1.133616667,84.79017,13.66,13.17,0.49,DSCT:,0.13331,200792,STAR F0
V482 Cam,113.42258,7.561505333,67.53767,18.4,15.1,3.3,EA/NL,0.1336195,110482,ALGOL STAR
V542 Cam,73.44388,4.896258667,68.47403,12,11.55,0.45,DSCT,0.133986,110542,STAR
del Ser,233.70063,15.580042,10.53886,4.19,4.23,0.04,DSCTC,0.134,769004,STAR F0IV
V648 Peg,340.12904,22.67526933,17.72517,13.9,14.2,0.3,DSCT,0.134183,620648,STAR
BG CMi,112.87104,7.524736,9.93975,15.2,14.7,0.5,XM,0.13474854,150085,X-RAY BINARY
XX Cyg,300.81517,20.05434467,58.95458,12.13,11.28,0.85,SXPHE,0.134865113,310049,STAR A5
V3041 Cyg,308.63437,20.57562467,49.76636,9.94,9.92,0.02,DSCTC,0.13487,313041,STAR
V705 Per,56.13004,3.742002667,32.10614,10.52,10.56,0.04,DSCTC:,0.135,630705,STAR F0
V494 Vul,298.31925,19.88795,20.56192,12,11.8,0.2,DSCT,0.135674,880494,STAR
OZ Dra,201.84746,13.45649733,65.48172,20,18,2,EA+NL,0.136647,340313,ALGOL STAR
V411 Sge,286.85012,19.12334133,19.02347,10.8,10.5,0.3,DSCT,0.1366842,710411,STAR F0
V455 Peg,326.93471,21.79564733,19.4855,10.4,10.36,0.04,DSCTC,0.13683,620455,STAR
V1965 Aql,295.97729,19.73181933,9.84247,12.48,12.02,0.46,DSCT,0.1369364,51965,STAR
BY Cam,85.70383,5.713588667,60.85883,17.5,13.6,3.9,XM,0.13712,110102,X-RAY BINARY
V793 Lac,342.31425,22.82095,51.61869,12.99,12.93,0.06,DSCTC,0.13716,450793,STAR
V1927 Aql,289.36313,19.29087533,6.49719,11.8,11.5,0.3,DSCT,0.13734,51927,STAR
V562 And,30.54729,2.036486,44.33044,16.85,16.67,0.18,DSCT,0.13805,10562,STAR
V456 Aur,97.132,6.475466667,39.11042,7.95,7.88,0.07,DSCTC,0.138657,80456,STAR F0
V1194 Cas,355.64096,23.70939733,56.18889,10.63,10.55,0.08,DSCTC,0.1387,181194,STAR
WX Ari,41.90083,2.793388667,10.59414,15.8,15.3,0.5,E+NL,0.13935119,70046,CV NOVA LIKE
V1315 Aql,288.47721,19.231814,12.30089,16.25,14.3,1.95,EA+NL,0.139689938,51315,ALGOL STAR
V357 Her,281.1325,18.74216667,12.92561,13.8,13.2,0.6,DSCT,0.139725,400357,STAR
V2052 Oph,269.07667,17.93844467,0.67036,5.84,5.81,0.03,BCEP,0.1398903,592052,STAR B2IV
V376 Cam,74.33746,4.955830667,79.34964,12.15,11.75,0.4,SXPHE,0.1403229,110376,STAR
QW Lyn,114.53558,7.635705333,38.85872,22.7,22.4,0.3,SXPHE,0.14033,510331,STAR
V2805 Oph,276.58204,18.43880267,7.46608,12.19,12.2,0.01,DSCTC:,0.14068,592805,STAR
V2452 Cyg,320.91292,21.39419467,46.33919,19.88,19.9,0.02,DSCTC,0.141,312452,STAR
V568 Lac,342.33742,22.82249467,51.18569,12.03,11.98,0.05,DSCTC,0.1411,450568,STAR
V1078 Per,46.03437,3.068958,38.515,10.39,10.74,0.35,DSCT,0.1413,631078,STAR
V2796 Oph,275.77892,18.38526133,6.70361,12.29,12.3,0.01,DSCTC:,0.14254,592796,STAR
V365 And,24.19475,1.612983333,48.31547,7.53,7.49,0.04,DSCTC,0.142816,10365,STAR F0
V1294 Tau,60.15517,4.010344667,6.37939,15.4,14.9,0.5,NL,0.143,781294,CV NOVA LIKE
gam UMi,230.18213,15.34547533,71.83403,2.99,3.04,0.05,DSCTC,0.143009,849003,STAR A3II
V2539 Cyg,305.89058,20.39270533,40.75553,11.69,11.71,0.02,BCEP,0.14301,312539,STAR B6
EV Lyn,118.67929,7.911952667,50.12475,18.4,17.75,0.65,EA+NL,0.143031,510165,ALGOL STAR
V1395 Cas,354.86429,23.65761933,52.23903,11.99,11.82,0.17,DSCT,0.1440836,181395,STAR
IM Tau,62.70775,4.180516667,26.48094,5.58,5.37,0.21,DSCT,0.145067,780230,STAR F2IV
CH CrB,241.93767,16.129178,36.38914,19.5,17.9,1.6,EA+NL,0.14549982,270109,ALGOL STAR
V435 Lyr,289.43517,19.295678,28.49669,15.2,14.6,0.6,DSCT:,0.146004,520435,STAR
V1124 Cas,23.32046,1.554697333,60.83825,15.98,15.94,0.04,DSCTC,0.1463,181124,STAR
V3705 Oph,268.18804,17.87920267,7.01158,11.16,10.85,0.31,DSCT,0.1463212,593705,STAR
PX And,7.52442,0.501628,26.29081,17,14.04,2.96,E+NL,0.14635,10322,CV DWARF NOVA U GEM TYPE
LS Psc,26.36921,1.757947333,12.90694,9.3,8.94,0.36,DSCT,0.1466442,660267,STAR A5
V2890 Cyg,299.88271,19.99218067,38.23711,12.96,12.9,0.06,DSCTC,0.14684,312890,STAR
V521 Cas,359.27617,23.95174467,56.76144,14.19,14.4,0.21,DSCT,0.147,180521,STAR
V426 Com,198.24579,13.216386,18.17281,19.6,19.21,0.39,SXPHE,0.14756,250426,STAR
V758 Aur,89.70621,5.980414,28.67197,13.46,13.4,0.06,DSCTC,0.14789,80758,STAR
V597 Lyr,287.99887,19.19992467,42.31278,10.89,11,0.11,DSCT,0.1479,520597,STAR
ups Tau,66.57692,4.438461333,22.81358,4.31,4.28,0.03,DSCTC,0.1484,789020,STAR A8V
V876 Cep,333.40408,22.22693867,55.74103,11.35,11.2,0.15,DSCT,0.148585,200876,STAR
V2806 Oph,276.72562,18.44837467,6.96817,11.76,11.8,0.04,DSCTC:,0.14862,592806,STAR
DY Her,247.82479,16.52165267,11.99792,10.66,10.15,0.51,DSCT,0.148631353,400147,STAR A7III
V2771 Cyg,316.79113,21.11940867,30.87628,9.7,9.5,0.2,DSCT,0.149425,312771,STAR F2
V567 Oph,269.61338,17.97422533,1.10147,11.43,11.07,0.36,DSCT,0.149521,590567,STAR A7
V656 Lac,344.34188,22.95612533,51.61447,14.27,14.22,0.05,DSCTC:,0.14961,450656,STAR
V1208 Aql,289.91396,19.32759733,12.37467,5.56,5.51,0.05,DSCTC,0.149663,51208,STAR F0III
V524 Hya,140.03987,9.335991333,0.71275,19.4,17.12,2.28,EA,0.15,420524,ALGOL STAR
V801 Lyr,290.28904,19.35260267,42.18183,13.39,13.24,0.15,DSCT,0.150781,520801,STAR
V361 Dra,256.82629,17.12175267,64.65919,19.5,16.8,2.7,UV+BY,0.1508,340361,STAR M9V
V537 Aur,77.18771,5.145847333,40.25467,12.05,12.1,0.05,DSCTC,0.15132,80537,STAR
gam Peg,3.30896,0.220597333,15.18361,2.89,2.78,0.11,BCEP,0.151750125,629003,STAR B2IV
V493 Lac,337.06508,22.47100533,52.41286,12.8,12.66,0.14,DSCT,0.1521,450493,STAR
V483 Gem,96.42333,6.428222,22.10542,12.74,12.12,0.62,DSCT,0.1526484,380483,STAR
V755 Per,32.55583,2.170388667,57.19028,10.19,10.14,0.05,DSCTC:,0.153,630755,STAR
BZ Cam,97.39204,6.492802667,71.07694,14.3,11.4,2.9,NL,0.153693,110103,CV NOVA LIKE
V1782 Aql,287.00917,19.13394467,4.15033,13.92,13.75,0.17,DSCT,0.1542,51782,STAR
V2802 Oph,276.16946,18.41129733,7.06825,9.16,9.2,0.04,DSCTC:,0.15436,592802,STAR F0
OX Aur,103.25588,6.883725333,38.86917,6.14,5.94,0.2,DSCT,0.154412,80311,STAR F2IV
V2533 Cyg,305.74558,20.38303867,40.76094,10.81,10.87,0.06,BCEP,0.156539,312533,STAR B1V
V2913 Cyg,303.73246,20.24883067,58.55725,14.72,14.56,0.16,DSCT,0.156785,312913,STAR
V2824 Oph,278.31867,18.554578,6.48575,9.09,9.1,0.01,DSCTC:,0.15686,592824,STAR A5
LX Ser,234.50037,15.633358,18.86758,17.4,13.3,4.1,EA+UG:,0.158432441,760272,ALGOL STAR
PP Cnc,130.43408,8.695605333,25.5085,12.32,11.9,0.42,DSCT,0.1595357,120314,STAR
V777 Tau,66.58642,4.439094667,15.61828,4.71,4.73,0.02,DSCTC,0.16,780777,STAR A8V
V1301 Tau,61.80767,4.120511333,22.15861,14.89,14.7,0.19,DSCT,0.16,781301,STAR
V1026 Cas,1.75771,0.117180667,64.73472,8.67,8.73,0.06,DSCTC,0.160018,181026,STAR A5
NS Cnc,123.23687,8.215791333,19.19942,17.7,15.2,2.5,E+NL,0.16005248,120294,CV NOVA LIKE
VW Ari,36.69021,2.446014,10.56531,6.76,6.64,0.12,DSCT,0.1606,70041,STAR F0IV
del Cet,39.87067,2.658044667,0.3285,4.1,4.05,0.05,BCEP,0.16113668,219004,STAR B2IV
V1438 Aql,284.96238,18.997492,11.44489,7.86,7.79,0.07,DSCTC,0.161272,51438,STAR F0
V356 Dra,253.90367,16.92691133,52.37883,13.9,13.36,0.54,DSCT,0.16132,340356,STAR
DD CrB,233.456,15.56373333,37.99114,14.41,12.96,1.45,EA,0.16177042,270127,STAR B0VI
V3339 Oph,271.10537,18.07369133,4.84761,15.47,15.32,0.15,DSCT,0.16287,593339,STAR
V757 Per,34.59604,2.306402667,57.01019,7.79,7.74,0.05,BCEP,0.164309,630757,STAR B1II
V372 Sge,302.41496,20.16099733,21.07878,8.44,8.47,0.03,BCEP,0.164314,710372,STAR B0IV
V1057 Per,23.90342,1.593561333,54.47606,16.02,15.94,0.08,DSCTC:,0.16438,631057,STAR
V2677 Cyg,292.41458,19.49430533,41.81064,14.14,14.01,0.13,DSCT,0.165826,312677,STAR
V471 Per,29.70688,1.980458667,52.89697,13.27,13.03,0.24,EA:/PN,0.16668,630471,STAR G2I
V3632 Oph,279.58412,18.63894133,9.39775,14.23,14.12,0.11,SXPHE,0.16781,593632,STAR
V3017 Cyg,308.16708,20.544472,50.61025,11.54,11.53,0.01,DSCTC,0.16785,313017,STAR
V622 And,348.3595,23.22396667,44.02392,11.1,11,0.1,DSCT,0.16878,10622,STAR
V649 Lac,344.20263,22.946842,52.17719,12.78,12.72,0.06,DSCTC,0.169039,450649,STAR
V352 Aur,103.81108,6.920738667,43.91003,6.18,6.13,0.05,DSCTC,0.17,80352,STAR F1IV
eta Hya,130.80617,8.720411333,3.39867,4.33,4.27,0.06,BCEP,0.17,429007,STAR B3V
V1276 Tau,56.63342,3.775561333,24.47625,17.05,17.15,0.1,BY,0.17,781276,STAR
V2981 Cyg,307.34508,20.489672,50.30044,13.96,13.88,0.08,DSCTC,0.17006,312981,STAR
V418 Gem,106.03621,7.069080667,26.41956,15.8,16.3,0.5,XM,0.1706,380418,X-RAY BINARY
V1104 Per,69.08417,4.605611333,44.77244,13.55,13.47,0.08,DSCTC,0.17123,631104,STAR
V1074 Cas,19.28604,1.285736,58.47442,16.67,16.54,0.13,DSCT:,0.171418,181074,STAR
V681 And,353.92708,23.59513867,39.74086,14.71,14.38,0.33,R,0.1718023,10681,STAR B0VI
V553 Dra,248.96046,16.597364,66.32581,14.02,13.43,0.59,DSCT,0.1719814,340553,STAR
V1440 Her,269.01654,17.934436,46.71031,12.85,12.9,0.05,DSCTC:,0.172826,401440,STAR
V481 Lac,329.82137,21.98809133,44.31611,11.52,11.35,0.17,DSCT,0.174,450481,STAR
V1410 Her,263.91092,17.59406133,32.44222,12.52,12.4,0.12,DSCT:,0.17507,401410,STAR
GY Cnc,137.46071,9.164047333,18.82978,18.4,12.9,5.5,UGSS+EA,0.175442499,120207,CV DWARF NOVA U GEM TYPE
VY Equ,314.70683,20.98045533,8.90147,10.51,10.21,0.3,DSCT,0.1764484,350043,STAR F0
V2367 Cyg,293.68992,19.579328,45.90453,11.41,11.81,0.4,DSCT,0.176617,312367,STAR
CR CrB,243.61675,16.24111667,30.52914,11.68,11.8,0.12,DSCT:,0.17690501,270118,STAR
AR Ari,49.51746,3.301164,24.87722,7.98,7.87,0.11,DSCT,0.1770392,70071,STAR F0
VZ Cnc,130.21717,8.681144667,9.82422,7.91,7.18,0.73,DSCT,0.178364,120044,STAR A7III
V459 Cep,350.18808,23.345872,77.06264,7.75,7.72,0.03,DSCTC,0.178805,200459,STAR F2
V741 Lac,341.38063,22.75870867,49.13267,16.77,16.52,0.25,DSCT:,0.17934,450741,STAR
V735 Lac,341.33263,22.75550867,51.53014,13.79,13.76,0.03,DSCTC,0.17955,450735,STAR
BS Cam,80.74942,5.383294667,69.40128,8.73,8.8,0.07,DSCTC,0.1803695,110096,STAR F2
AW CrB,243.83417,16.25561133,35.70728,11.35,11.08,0.27,DSCT:,0.180465,270076,STAR
HN CVn,187.03979,12.46931933,35.56092,11.55,11.15,0.4,DSCT,0.180783,130214,STAR F8
V3541 Oph,274.08637,18.27242467,3.25739,16.2,15.6,0.6,DSCT,0.181854,593541,STAR
V1449 Aql,289.31167,19.28744467,1.05942,8.37,8.23,0.14,BCEP,0.1822529,51449,STAR B1II
EP Cnc,130.23458,8.682305333,19.58033,6.75,6.78,0.03,DSCTC,0.1829,120159,STAR A6V
MQ Dra,238.38042,15.892028,55.27078,18.8,17.7,1.1,AM,0.18297,340279,CV AM HER (POLAR)
V3178 Oph,268.65725,17.91048333,7.17933,16.45,15.95,0.5,DSCT,0.1833817,593178,STAR
CM CrB,242.68075,16.17871667,34.6205,11.43,11.57,0.14,DSCT:,0.18391199,270113,STAR
ET Lyn,118.16683,7.877788667,39.53828,7.42,7.38,0.04,DSCTC,0.184373,510163,STAR F1III
V680 Lac,338.03242,22.53549467,39.79892,8.72,8.28,0.44,DSCT,0.18734,450680,STAR F5
V2112 Oph,259.71996,17.314664,6.08544,6.52,6.5,0.02,DSCTC,0.1874472,592112,STAR F0III
V827 Lyr,273.70692,18.247128,40.16342,13.45,13.25,0.2,DSCT:,0.1875179,520827,STAR
V3430 Oph,272.22717,18.148478,0.37683,16.1,15.7,0.4,DSCT:,0.188118,593430,STAR
CW Ser,238.29079,15.88605267,6.09056,12.06,11.59,0.47,DSCT,0.1891505,760123,STAR A0
V356 Aur,85.61704,5.707802667,28.99875,8.1,7.97,0.13,DSCT,0.1892678,80356,STAR F4III
V2877 Cyg,298.36246,19.89083067,37.90006,14.5,14.55,0.05,DSCTC,0.1895,312877,STAR
V1143 Cas,25.89829,1.726552667,64.03522,11.45,11.3,0.15,BCEP,0.189991,181143,STAR
alf Lyr,279.23471,18.61564733,38.78367,0.07,-0.02,0.09,DSCTC,0.19,529001,STAR A0V
V2535 Cyg,305.78154,20.385436,40.76914,10.42,10.46,0.04,BCEP,0.190396,312535,STAR B0V
bet Cep,322.165,21.47766667,70.56072,3.17,3.12,0.05,BCEP,0.190482,209002,STAR B2III
V2800 Oph,276.11163,18.407442,6.76133,12.09,12.1,0.01,DSCTC:,0.19167,592800,STAR
V703 Lac,340.89017,22.72601133,49.06358,16.1,15.8,0.3,DSCT,0.191797,450703,STAR
V2534 Cyg,305.78042,20.38536133,40.78203,10.6,10.66,0.06,BCEP,0.192198,312534,STAR B3
BY CrB,240.77579,16.05171933,26.23958,12.48,12.34,0.14,DSCT,0.192446,270102,STAR
BX Tri,35.21179,2.347452667,33.34664,12.7,12.35,0.35,EW:,0.192634,800101,STAR M0
DD Lac,340.36937,22.69129133,40.22544,5.28,5.16,0.12,BCEP,0.1930924,450127,STAR B1III
V1155 Cas,26.66254,1.777502667,61.23503,10.37,10.41,0.04,BCEP,0.194047,181155,STAR B5
V976 Per,38.37192,2.558128,57.80897,17.79,17.44,0.35,DSCT,0.194234,630976,STAR
DO CMi,108.08088,7.205392,9.35075,10.73,10.54,0.19,DSCT,0.1945,150137,STAR
V1088 Cas,19.82171,1.321447333,57.7665,15.83,15.7,0.13,DSCT,0.194762,181088,STAR
V798 Cyg,294.52875,19.63525,30.90931,12.8,12.4,0.4,DSCT:,0.19476629,310798,STAR
V2990 Cyg,307.47596,20.49839733,50.54206,12.4,12.38,0.02,DSCTC,0.19545,312990,STAR
MU Cam,96.31771,6.421180667,73.57747,15.2,14.4,0.8,XM,0.19661,110283,X-RAY BINARY
UX UMa,204.17067,13.611378,51.91375,14.15,12.57,1.58,EA/WD+NL,0.19667128,830037,ALGOL STAR
V395 Dra,270.66442,18.04429467,62.719,13.17,12.68,0.49,DSCT,0.1969,340395,STAR
V467 Dra,220.40933,14.69395533,56.43808,11.75,11.4,0.35,DSCT:,0.197702,340467,STAR
AY Sex,155.94867,10.396578,0.64481,17.9,17.26,0.64,unique,0.198094,770078,STAR G5V
V2797 Oph,275.78775,18.38585,6.85953,10.59,10.6,0.01,DSCTC:,0.19818,592797,STAR
EF CMi,118.21004,7.880669333,0.23622,12.6,12.2,0.4,RRC:,0.198485,150150,STAR
LZ Her,267.37138,17.82475867,29.321,14.6,14.1,0.5,SXPHE,0.198959,400274,STAR
V552 Peg,343.72921,22.91528067,24.24583,12.66,12.7,0.04,BY,0.1994,620552,STAR M2V
V1022 Per,58.94625,3.92975,40.68597,13.65,13.35,0.3,DSCT,0.19961,631022,STAR
VY Psc,26.64708,1.776472,17.41269,6.59,6.54,0.05,DSCTC,0.2,660043,STAR A7III
V963 Ori,94.82033,6.321355333,20.57992,8.5,8.47,0.03,BCEP:,0.2,600963,STAR B2I
FP Ser,238.66783,15.91118867,8.58033,6.255,6.28,0.025,DSCTC,0.2,760179,STAR A7V
V3398 Oph,271.78067,18.11871133,2.16781,15.15,14.75,0.4,RRC,0.200406,593398,STAR
V360 Per,35.70767,2.380511333,57.51172,9.88,9.85,0.03,BCEP:,0.20072,630360,STAR B1III
V595 And,346.07729,23.07181933,48.33,13.3,13,0.3,RRC,0.20085,10595,STAR
BW Vul,313.59329,20.90621933,28.522,6.28,6.52,0.24,BCEP,0.20104117,880100,STAR B1V
V816 And,349.66554,23.311036,35.48,14.28,14.14,0.14,EW,0.201255,10816,W UMA STAR
V337 Ori,89.83575,5.98905,20.03542,11.45,10.9,0.55,DSCT,0.2012592,600337,STAR
V3080 Oph,266.41858,17.76123867,1.03308,16.15,15.75,0.4,RRC,0.201283,593080,STAR
KP Per,53.16242,3.544161333,44.85578,6.23,6.37,0.14,BCEP,0.2017786,630249,STAR B2IV
V486 UMa,179.47438,11.96495867,53.04658,14.15,13.89,0.26,RRC:,0.202293,830486,STAR
EE Cam,86.47912,5.765274667,63.29628,7.86,7.78,0.08,DSCTC,0.2026954,110149,STAR F0
V874 Cep,333.1415,22.20943333,57.25811,12.87,12.9,0.03,BCEP,0.20289,200874,STAR B3V
V797 And,24.09675,1.60645,48.00786,13.53,13.12,0.41,RRC,0.20493,10797,STAR
V909 Cas,24.16062,1.610708,61.43167,10.51,10.7,0.19,BCEP,0.20647,180909,STAR B1III
V1061 Cep,328.12204,21.87480267,59.19811,12.86,12.83,0.03,DSCTC,0.207168,201061,STAR
GM Com,183.10375,12.20691667,27.38008,8.14,8.06,0.08,DSCTC,0.208,250195,STAR F5V
V783 And,0.52204,0.034802667,38.22294,14.79,14.5,0.29,EW,0.2090808,10783,W UMA STAR
V515 Gem,117.75896,7.850597333,34.40161,14.18,13.88,0.3,EW,0.209172,380515,W UMA STAR
V881 Cyg,292.90821,19.527214,29.72072,13.8,13.6,0.2,DSCT:,0.2106556,310881,STAR
V640 Ser,229.22725,15.28181667,0.80733,14.83,14.49,0.34,EW,0.2107336,760640,W UMA STAR
DS Ari,36.85992,2.457328,11.94708,15.46,14.91,0.55,EW,0.2109523,70141,W UMA STAR
V466 Gem,113.48929,7.565952667,26.44753,13.39,13.31,0.08,BCEP:,0.2113,380466,STAR
V771 Lac,341.85008,22.79000533,48.91867,17.04,16.62,0.42,EW:,0.21264,450771,W UMA STAR
V732 Peg,332.74533,22.183022,25.18847,14.87,14.62,0.25,EW,0.2129972,620732,W UMA STAR
V553 Ser,278.32238,18.55482533,5.99192,12.27,12.1,0.17,RRC:,0.21377,760553,STAR
V480 Gem,94.71008,6.314005333,22.08656,14.31,13.77,0.54,EW,0.2143932,380480,W UMA STAR
AR Cnc,140.53154,9.368769333,31.05408,21.3,15.3,6,UG+E,0.2146,120071,CV DWARF NOVA U GEM TYPE
V446 Dra,307.38362,20.49224133,83.205,14.49,12.26,2.23,RRC,0.214752,340446,STAR
V3331 Oph,270.99412,18.06627467,5.07181,17.4,17.14,0.26,EW,0.21529,593331,W UMA STAR
V2731 Cyg,315.33317,21.02221133,33.64122,13.83,13.8,0.03,EW,0.21568,312731,W UMA STAR
V2015 Aql,303.03633,20.202422,8.58614,12.76,12.62,0.14,EW,0.2157631,52015,W UMA STAR
V717 Cas,9.73917,0.649278,48.40694,25.33,24.28,1.05,RRC:,0.21599,180717,STAR
V350 CVn,205.54521,13.703014,28.37344,17.2,16.9,0.3,SXPHE,0.2168508,130350,STAR
V351 CVn,205.54525,13.70301667,28.37486,15.7,15.3,0.4,RRC,0.2168508,130351,STAR
V2449 Cyg,320.87763,21.391842,46.36069,13.94,13.98,0.04,DSCTC:,0.217,312449,STAR
V600 Vul,319.11171,21.274114,25.29339,14.48,14.07,0.41,EW,0.217408,880600,W UMA STAR
LX Lyn,120.45846,8.030564,47.24261,14.07,13.37,0.7,EW,0.217513,510272,W UMA STAR
V384 UMa,165.78692,11.05246133,37.79694,13.7,13.45,0.25,RRC:,0.21756,830384,STAR
OT Cnc,127.86612,8.524408,19.88433,10.43,10.34,0.09,EW,0.2178115,120307,W UMA STAR
V1727 Cyg,322.85925,21.52395,47.29019,18.5,15.6,2.9,E+XR,0.2182579,311727,X-RAY BINARY
V853 Aur,88.57092,5.904728,44.42614,13.06,12.59,0.47,EW,0.2184966,80853,W UMA STAR
V355 Cam,67.19246,4.479497333,55.28364,12.5,12.2,0.3,RRC,0.21852,110355,STAR
KV Gem,101.80242,6.786828,15.72614,12.9,12.4,0.5,RRC:,0.2185467,380255,STAR
LU Gem,94.83042,6.322028,23.46939,7.24,7.21,0.03,BCEP,0.21909,380269,STAR B0II
V710 And,357.83108,23.85540533,33.56394,14.37,14.01,0.36,RRC:,0.219197,10710,STAR
V2973 Cyg,307.18275,20.47885,50.52367,12.78,12.76,0.02,DSCTC,0.21939,312973,STAR
V2942 Cyg,306.44267,20.42951133,50.80889,15.7,15.31,0.39,EW,0.2197,312942,W UMA STAR
V1072 Per,40.45262,2.696841333,37.48,14.79,14.49,0.3,EW,0.2197513,631072,W UMA STAR
V636 Ser,227.93567,15.19571133,16.90733,15.09,14.39,0.7,EW,0.2198642,760636,W UMA STAR
V352 Per,33.40425,2.22695,56.57064,9.49,9.47,0.02,BCEP,0.21995,630352,STAR B1III
V725 Peg,330.64896,22.043264,31.31931,14.93,14.21,0.72,EW,0.220476,620725,W UMA STAR
CC Com,183.02513,12.20167533,22.53297,12.21,11.3,0.91,EW/KW,0.22068628,250104,W UMA STAR
V2843 Ori,82.10775,5.47385,9.66211,14.27,13.93,0.34,EW,0.2207,602843,W UMA STAR
V644 Ser,234.96296,15.66419733,10.90567,15.11,14.45,0.66,EW,0.2207217,760644,W UMA STAR
V510 Gem,116.74433,7.782955333,22.74672,14.58,13.95,0.63,EW,0.2208494,380510,W UMA STAR
V829 Aql,296.73879,19.782586,3.50792,10.55,10.2,0.35,DSCT:,0.221,50829,STAR F5
V840 Lyr,279.40908,18.627272,40.40753,15.1,14.5,0.6,EW,0.221311,520840,W UMA STAR
DL Cam,68.00767,4.533844667,53.91083,5.85,5.81,0.04,BCEP:,0.22132,110134,STAR B0III
V3416 Oph,272.00454,18.133636,1.71108,16.2,15.6,0.6,RRC:,0.222105,593416,STAR
XZ Equ,318.49775,21.23318333,12.45342,14.83,14.55,0.28,EW,0.2221086,350051,W UMA STAR
V443 UMa,143.68162,9.578774667,42.14217,13.5,13.25,0.25,EW,0.2222405,830443,W UMA STAR
HM Cet,31.88092,2.125394667,5.68492,13.48,12.66,0.82,RRC,0.22232,210213,STAR
BW Tri,34.02596,2.268397333,34.63033,13,12.75,0.25,RRC,0.22246,800100,STAR
V721 Peg,329.61046,21.97403067,25.577,13.21,13.14,0.07,EB:,0.222615,620721,BETA LYR STAR
V756 Cas,11.20988,0.747325333,60.30917,8.83,8.74,0.09,DSCTC:,0.2229,180756,STAR F0
V1568 Her,250.42871,16.69524733,36.45008,20.4,19.96,0.44,EW,0.223,401568,W UMA STAR
V860 Aur,107.48121,7.165414,36.73233,13.56,13.23,0.33,EW,0.2230464,80860,W UMA STAR
V587 Aur,72.82396,4.854930667,43.6205,11.39,11.44,0.05,DSCTC:,0.2232,80587,STAR
CT Ari,31.87583,2.125055333,14.93969,16.23,15.34,0.89,EW,0.223445,70120,W UMA STAR
V1498 Her,262.51342,17.50089467,34.75261,13.98,13.61,0.37,EW,0.223714,401498,W UMA STAR
V1316 Cas,19.38638,1.292425333,52.86208,15.15,14.65,0.5,EA,0.2239699,181316,ALGOL STAR
V2700 Cyg,300.82783,20.05518867,33.44992,8.69,8.58,0.11,BCEP,0.2243558,312700,STAR B0II
V1487 Her,254.39429,16.95961933,27.80283,16,15.21,0.79,EW,0.2244964,401487,W UMA STAR
V674 Lac,336.30325,22.42021667,36.28044,13.91,13.76,0.15,EW,0.224736,450674,W UMA STAR
V694 Peg,322.03692,21.469128,15.27275,15.25,14.7,0.55,EW,0.2248421,620694,W UMA STAR
V2586 Cyg,318.12167,21.20811133,48.1255,19.18,19.28,0.1,EW,0.225,312586,W UMA STAR
V1494 Her,261.825,17.455,43.27328,15.5,14.74,0.76,EW,0.2250698,401494,W UMA STAR
V1475 Her,250.95671,16.73044733,32.94383,11.95,11.74,0.21,EW,0.225091,401475,W UMA STAR
V387 Boo,211.38888,14.092592,11.77753,15.82,15.36,0.46,EW,0.2251245,90387,W UMA STAR
HW CVn,200.78642,13.38576133,42.77028,14.87,14.52,0.35,EW,0.225133,130223,W UMA STAR
V735 Peg,335.75846,22.38389733,19.84208,15.65,15.3,0.35,EW,0.2251756,620735,W UMA STAR
V954 Oph,272.34592,18.15639467,1.38453,14.9,14.3,0.6,EW:/KW,0.22527,590954,W UMA STAR
HR CVn,195.29671,13.01978067,42.03719,15.17,14.64,0.53,EW,0.2254352,130218,W UMA STAR
DW Ari,49.25288,3.283525333,19.14428,14.37,13.88,0.49,EW,0.225639,70145,W UMA STAR
DR Com,190.15979,12.67731933,22.36694,14.2,13.7,0.5,RRC,0.22592,250140,STAR
V710 Peg,325.1935,21.67956667,13.12128,13.48,13.32,0.16,EW,0.2259636,620710,W UMA STAR
IT Her,281.44338,18.762892,25.33317,13.3,12.9,0.4,RRC,0.226038,400237,STAR
V1453 Her,240.4835,16.03223333,20.47264,14.34,13.58,0.76,EW,0.22653,401453,W UMA STAR
V1301 Cas,7.63796,0.509197333,57.72981,15.7,14.9,0.8,EW,0.226616,181301,W UMA STAR
V840 Aur,82.36221,5.490814,46.1965,16,15,1,EW,0.2266419,80840,W UMA STAR
V608 Lac,343.24704,22.883136,53.02561,13.97,13.88,0.09,RRC:,0.2267,450608,STAR
NU Vul,303.56054,20.23736933,28.69483,5.31,5.36,0.05,DSCTC,0.227,880296,STAR A7IV
V673 Vir,178.99108,11.93273867,7.33644,15.98,15.15,0.83,EW,0.2270165,860673,W UMA STAR
V3175 Oph,268.60371,17.906914,3.14814,14.45,13.85,0.6,RRC,0.227503,593175,STAR
V442 UMa,142.54546,9.503030667,53.64956,10.71,10.99,0.28,EW,0.2277138,830442,STAR K3V
V693 Vir,196.79279,13.11951933,8.70247,16.56,15.89,0.67,EW,0.2277723,860693,W UMA STAR
V1104 Her,272.44896,18.163264,49.04864,14.19,13.23,0.96,EW,0.2278765,401104,W UMA STAR
V1110 Per,70.38733,4.692488667,44.10375,14.55,14.3,0.25,EW,0.22816,631110,W UMA STAR
V730 Peg,332.6945,22.17963333,21.31042,16.17,15.32,0.85,EW,0.2285385,620730,W UMA STAR
V496 Aqr,315.83325,21.05555,2.15942,16.3,15.6,0.7,EW,0.2285898,40496,W UMA STAR
V1111 Cep,344.03521,22.93568067,59.90833,18.33,14.29,4.04,EA+NL,0.22860562,201111,WHITE DWARF
V671 Vir,178.36042,11.89069467,6.13225,14.57,14.3,0.27,EW,0.228641,860671,W UMA STAR
V1011 Aql,295.39054,19.69270267,11.60461,15.7,15.3,0.4,RRC,0.22877,51011,STAR
V1458 Her,244.74104,16.31606933,26.22736,13.88,13.71,0.17,EW,0.228779,401458,W UMA STAR
HY CVn,203.57413,13.57160867,39.72064,14.95,14.58,0.37,EW,0.2288823,130225,W UMA STAR
V997 Cyg,297.02083,19.80138867,52.85469,14.9,14.1,0.8,RRC,0.22892,310997,STAR
LN Psc,10.21112,0.680741333,7.2705,12.3,12.17,0.13,EW,0.229274,660262,W UMA STAR
NQ Lyn,114.41233,7.627488667,38.83944,22.7,22.2,0.5,RRC:,0.2296,510292,STAR
V2718 Cyg,315.16442,21.01096133,33.55858,15.61,15.42,0.19,EW,0.22961,312718,W UMA STAR
V663 Aur,75.55596,5.037064,44.87964,17.05,16.76,0.29,EW,0.22967,80663,W UMA STAR
QW Leo,162.42683,10.82845533,14.17264,14.46,14.19,0.27,EW,0.2297984,460331,W UMA STAR
V1419 Tau,56.16658,3.744438667,3.07372,13.9,13.7,0.2,EW,0.2298772,781419,W UMA STAR
V728 Peg,331.35104,22.09006933,20.6975,15.75,15.3,0.45,EW,0.2305789,620728,W UMA STAR
V818 And,358.39,23.89266667,45.87942,15.71,15.07,0.64,EW,0.230744,10818,W UMA STAR
V773 Lyr,288.74392,19.24959467,40.87953,16.59,16.46,0.13,EW,0.23077,520773,W UMA STAR
LS Her,240.51579,16.034386,17.48067,11.12,10.79,0.33,RRC,0.23080771,400267,STAR A5
V760 Peg,349.93058,23.32870533,13.68925,15.7,15.35,0.35,EW,0.2308366,620760,W UMA STAR
V2809 Ori,82.53312,5.502208,13.40669,18.8,18.3,0.5,EW,0.23106,602809,W UMA STAR
V729 Peg,331.89362,22.12624133,26.92458,14.9,14.47,0.43,EW,0.2312351,620729,W UMA STAR
V2841 Ori,80.15354,5.343569333,3.06731,12.8,12.4,0.4,EW,0.231404,602841,W UMA STAR
V1241 Cas,359.84587,23.98972467,56.59744,16.8,16.73,0.07,EW,0.2317,181241,W UMA STAR
V3054 Cyg,308.91675,20.59445,50.05186,15.6,15.44,0.16,EW,0.23176,313054,W UMA STAR
RW Tri,36.40067,2.426711333,28.09747,15.61,12.5,3.11,EA/WD+NL,0.231883276,800015,ALGOL STAR
V655 Lac,344.30608,22.95373867,52.28122,16.45,16.21,0.24,EW,0.232622,450655,W UMA STAR
V775 Lac,341.87117,22.79141133,49.93467,14.25,13.85,0.4,RRC,0.2329741,450775,STAR
V1076 Per,44.69575,2.979716667,57.20331,14.65,14.35,0.3,RRC,0.233302,631076,STAR
V523 Cas,10.02613,0.668408667,50.23764,11.78,10.91,0.87,EW,0.2336933,180523,W UMA STAR
V380 Lyn,114.57667,7.638444667,38.85731,24.1,22.8,1.3,EA,0.233955,510380,ALGOL STAR
V1009 Per,49.20621,3.280414,33.50431,14.13,13.54,0.59,EW,0.2341364,631009,W UMA STAR
KW Psc,344.63258,22.97550533,5.87331,12.55,11.9,0.65,EW,0.234276,660256,W UMA STAR
V1405 Tau,72.42529,4.828352667,22.84792,18.51,17.75,0.76,EW,0.2343,781405,W UMA STAR
V767 And,345.45396,23.030264,42.55739,13.16,13.04,0.12,EW,0.2346,10767,W UMA STAR
V898 Lac,344.1705,22.9447,50.62908,16.26,16.08,0.18,RRC,0.2347,450898,STAR
V675 Aur,76.09904,5.073269333,35.66653,18.5,17.82,0.68,EW,0.235,80675,W UMA STAR
V338 Dra,237.29642,15.81976133,60.63414,13.9,13.3,0.6,EW,0.23515,340338,W UMA STAR
LX Leo,147.6155,9.841033333,20.71814,12.95,12.1,0.85,EW,0.235247,460272,W UMA STAR
V3538 Oph,274.01933,18.26795533,2.63286,16.05,15.65,0.4,RRC,0.235722,593538,STAR
V3460 Oph,272.62313,18.17487533,4.38036,14.7,14.4,0.3,RRC,0.236166,593460,STAR
V1172 Her,245.90496,16.393664,15.95567,13.35,12.65,0.7,EW,0.236166,401172,W UMA STAR
V761 Cep,8.52213,0.568142,84.86639,14.12,13.99,0.13,RRC,0.23626,200761,STAR
V767 Lyr,288.49033,19.23268867,40.75247,20.1,19.47,0.63,EW,0.23632,520767,W UMA STAR
V462 Dra,207.48421,13.83228067,66.47444,9.85,9.72,0.13,EW,0.23659,340462,STAR G0
RW Com,188.25117,12.550078,26.71622,11.7,11,0.7,EW/KW,0.2373459,250015,STAR G2
V738 Cas,359.48842,23.96589467,56.76344,19.63,19.3,0.33,EW,0.2384,180738,W UMA STAR
LR Gem,93.81433,6.254288667,22.30114,9.12,9.01,0.11,BCEP,0.23887,380266,STAR B0IV
V386 Dra,268.26808,17.88453867,51.48889,13.7,13.4,0.3,EW,0.2389133,340386,W UMA STAR
OS Cnc,127.01758,8.467838667,17.99197,13.4,13.08,0.32,EW,0.2392515,120306,W UMA STAR
V661 Vir,215.88608,14.39240533,1.99756,14.2,13.65,0.55,EW,0.239499,860661,W UMA STAR
V652 Ser,240.14092,16.00939467,25.03692,16.15,15.85,0.3,EW,0.239523,760652,W UMA STAR
DL Tri,34.35538,2.290358667,28.74503,7.09,7.06,0.03,BY,0.2396,800134,STAR F5V
V626 Peg,324.52154,21.63476933,24.04664,13.5,12.75,0.75,EW,0.239788,620626,W UMA STAR
V774 Lyr,288.79925,19.25328333,40.81958,20.15,19.31,0.84,EW,0.2402,520774,W UMA STAR
V452 CVn,205.58871,13.705914,28.39581,15.693,15.647,0.046,RRC:,0.240425,130452,STAR
TV Lyn,113.38221,7.558814,47.80272,11.66,11.24,0.42,RRC,0.24065119,510029,STAR A6
V486 Lac,333.57788,22.23852533,51.71553,12.5,12.37,0.13,EW:,0.240704,450486,W UMA STAR
V1321 Cas,23.13662,1.542441333,55.25728,14.11,14.04,0.07,EW,0.240953,181321,W UMA STAR
FY Boo,206.71579,13.78105267,22.95372,13.9,13,0.9,EW,0.2411593,90188,W UMA STAR
EW Psc,0.29775,0.01985,9.07817,10.39,10.26,0.13,EW,0.241202,660166,W UMA STAR
V572 Peg,347.60725,23.17381667,34.14528,16.58,16.15,0.43,EW,0.2413931,620572,W UMA STAR
V1096 Her,262.18758,17.479172,43.80364,13.39,13.01,0.38,EW,0.241415,401096,W UMA STAR
V821 Cep,307.56763,20.50450867,60.60894,18.09,17.3,0.79,EW,0.2419,200821,W UMA STAR
V1416 Her,264.74979,17.649986,26.47469,15.79,14.97,0.82,EW,0.2419941,401416,W UMA STAR
V1414 Tau,89.44225,5.962816667,28.21256,15.38,15.13,0.25,RRC:,0.242193,781414,STAR
V2551 Cyg,308.90217,20.593478,52.76258,11,10.75,0.25,EW,0.242324,312551,W UMA STAR
FH CMi,112.26108,7.484072,8.32783,15.31,15.13,0.18,EW,0.2435,150172,W UMA STAR
V368 Dra,259.77575,17.31838333,57.68908,19.37,19.64,0.27,E,0.2435,340368,STAR
V642 Lyr,274.66708,18.31113867,31.96089,17.3,16.7,0.6,EW,0.244485,520642,W UMA STAR
V1355 Tau,75.52842,5.035228,24.46103,14.3,13.6,0.7,EW,0.24467,781355,W UMA STAR
V1418 Her,264.80858,17.65390533,26.71197,15.7,15.61,0.09,EW,0.245108,401418,W UMA STAR
V690 Lyr,290.07788,19.33852533,37.50819,19.03,19.74,0.71,EW,0.2454,520690,W UMA STAR
KZ Cep,344.12879,22.94191933,62.86861,7.76,7.72,0.04,BCEP:,0.24544,200259,STAR B0V
V540 Lac,341.57658,22.771772,43.86886,8.54,8.33,0.21,RRC,0.245445,450540,STAR F2
DY CVn,197.69925,13.17995,36.73558,13.9,13.17,0.73,EW,0.2459506,130147,W UMA STAR
IT Lyn,121.21937,8.081291333,44.12325,13.54,13.16,0.38,EW,0.245968,510237,W UMA STAR
V2697 Cyg,299.36446,19.95763067,43.29556,14.42,13.93,0.49,EW,0.246,312697,W UMA STAR
V1846 Aql,297.83571,19.855714,15.24344,12.65,12.45,0.2,RRC,0.24624,51846,STAR
V880 Lac,343.78529,22.91901933,50.41675,15.66,15.47,0.19,EW,0.247,450880,W UMA STAR
V568 Peg,347.05421,23.13694733,33.05106,13.35,12.9,0.45,EW,0.247074,620568,W UMA STAR
V2777 Cyg,317.83321,21.18888067,41.05811,14.86,14.15,0.71,EW,0.24715,312777,W UMA STAR
V449 UMa,144.67704,9.645136,46.90461,14.17,13.94,0.23,EW,0.247184,830449,W UMA STAR
V632 Vir,194.96179,12.99745267,1.0415,14.1,13.3,0.8,EW,0.247257,860632,W UMA STAR
V1393 Tau,67.26683,4.484455333,14.26286,13.9,13.2,0.7,EW,0.247389,781393,W UMA STAR
V1419 Her,264.80942,17.65396133,26.53381,17.4,17.04,0.36,EW,0.248005,401419,W UMA STAR
V568 Ser,236.20646,15.74709733,3.71486,12.4,11.9,0.5,EW,0.248116,760568,W UMA STAR
V652 Peg,341.6695,22.77796667,32.78214,14.16,13.69,0.47,EW,0.2481787,620652,W UMA STAR
V1720 Cyg,316.91704,21.12780267,48.85519,7.79,7.77,0.02,ELL:,0.248331,311720,STAR G5III
V500 Cam,133.99621,8.933080667,78.40731,14.8,14,0.8,EW,0.24835,110500,W UMA STAR
V543 Lac,341.63379,22.775586,52.5055,16,15.75,0.25,RRC,0.2484,450543,STAR
V739 Lac,341.37375,22.75825,50.75728,17.91,17.03,0.88,EA,0.24862,450739,ALGOL STAR
KV Per,29.64108,1.976072,57.44525,14.3,13.8,0.5,RRC,0.249121,630255,STAR
IK CVn,205.32858,13.688572,28.03231,15.71,15.66,0.05,RRC,0.24924,130228,STAR
V625 And,348.918,23.2612,36.148,14.57,13.98,0.59,EW,0.2495841,10625,W UMA STAR
V2942 Oph,262.24621,17.48308067,4.05956,17.25,16.84,0.41,EW,0.24972,592942,W UMA STAR
V853 Mon,102.93029,6.862019333,0.52186,16.12,15.98,0.14,EW,0.25,550853,W UMA STAR
PQ Com,202.97313,13.531542,15.68822,13.75,13.8,0.05,R,0.25,250315,STAR B0VI
V3370 Oph,271.47717,18.098478,3.53228,15.7,15.1,0.6,RRC,0.250529,593370,STAR
FY Her,271.61858,18.10790533,29.09731,14.6,14.2,0.4,RRC,0.250686,400188,STAR
V811 Cep,301.07013,20.071342,61.09233,14.9,14.2,0.7,EW,0.25076414,200811,W UMA STAR
V1374 Tau,87.01604,5.801069333,28.51317,14.5,13.6,0.9,EB/RS,0.2508621,781374,STAR M3Ve
V381 CVn,205.55171,13.70344733,28.37622,15.65,15.4,0.25,RRC,0.25101,130381,STAR
NX Boo,225.24812,15.01654133,34.19472,13.2,12.8,0.4,EW,0.251134,90299,W UMA STAR
V814 Aur,110.62446,7.374964,41.05469,13.71,13.59,0.12,EW,0.2511428,80814,W UMA STAR
V3252 Oph,269.89092,17.992728,5.64956,13.7,13.3,0.4,EW,0.251186,593252,W UMA STAR
BT Tri,32.56446,2.170964,30.44619,14.8,14.2,0.6,EW,0.2512,800097,W UMA STAR
IS Boo,214.00063,14.26670867,49.23783,14.39,13.8,0.59,EW,0.2514501,90236,W UMA STAR
V414 Cam,88.35429,5.890286,79.75028,14.2,13.75,0.45,RRC,0.25155,110414,STAR
V3146 Cyg,322.96292,21.53086133,29.36208,13.95,13.8,0.15,EW,0.2517635,313146,W UMA STAR
BI Vul,320.70008,21.38000533,27.02778,14.9,14.15,0.75,EW/KW,0.251818,880087,W UMA STAR
V2572 Cyg,317.58833,21.17255533,48.37186,18.98,19.04,0.06,EW,0.252,312572,W UMA STAR
DU Ari,47.51808,3.167872,27.86461,16.2,15.44,0.76,EW,0.2520515,70143,W UMA STAR
HN Lyn,117.19721,7.813147333,45.77878,12.25,12.17,0.08,EW,0.2524572,510214,W UMA STAR
XY Ari,44.03413,2.935608667,19.44283,17.6,13.54,4.06,XM,0.25271,70050,STAR G0
PS Com,179.81683,11.98778867,14.23589,13.25,12.7,0.55,EW,0.252746,250317,W UMA STAR
V567 Cam,104.38038,6.958692,72.83,14.2,13.8,0.4,E:,0.252765,110567,STAR
HO CVn,191.04087,12.736058,36.05639,15.61,15.05,0.56,EW,0.252812,130215,W UMA STAR
V796 Lac,342.39204,22.826136,49.30342,17.37,16.62,0.75,EW,0.25306,450796,W UMA STAR
V3228 Oph,269.56517,17.97101133,0.83958,15.95,15.5,0.45,EW,0.253104,593228,W UMA STAR
V357 Boo,216.02567,14.40171133,48.85433,15.23,14.66,0.57,EW,0.2536896,90357,W UMA STAR
DE Lac,332.53233,22.168822,40.91961,10.43,10.08,0.35,DSCT,0.2536934,450128,STAR F5
V373 UMa,143.16946,9.544630667,42.35233,12.6,12.2,0.4,RRC,0.25399,830373,STAR
V431 Gem,114.85296,7.656864,23.94036,17.3,17.5,0.2,EW:,0.254,380431,W UMA STAR
QV Dra,231.54888,15.436592,54.38294,13.1,12.7,0.4,RRC,0.254,340330,STAR
V2577 Cyg,317.77042,21.18469467,48.13433,19.24,19.53,0.29,EW,0.254,312577,W UMA STAR
V1147 Her,240.18412,16.01227467,43.14494,14.3,13.8,0.5,EW,0.254468,401147,W UMA STAR
V3559 Oph,274.39671,18.293114,8.53878,14.2,13.3,0.9,EW,0.25454,593559,W UMA STAR
V1106 Her,273.35171,18.22344733,25.83656,12.9,12.6,0.3,EW,0.254573,401106,W UMA STAR
V3093 Oph,267.04058,17.80270533,6.15269,16.3,15.75,0.55,EW,0.254585,593093,W UMA STAR
V829 Lac,343.13371,22.87558067,48.92161,15.05,14.75,0.3,EW,0.2549142,450829,W UMA STAR
V1144 Her,239.23962,15.949308,42.22689,15.4,14.6,0.8,EW,0.25497,401144,W UMA STAR
V902 Mon,96.94333,6.462888667,1.80311,15.5,13.5,2,E+NL,0.2551,550902,CV DWARF NOVA U GEM TYPE
V3102 Oph,267.26404,17.81760267,5.10536,16,15.4,0.6,EW,0.255458,593102,W UMA STAR
DH Peg,333.85683,22.257122,6.82261,9.8,9.15,0.65,RRC,0.2555104,620131,STAR A5
DG Tri,23.22533,1.548355333,32.49306,15.29,15.16,0.13,EW,0.255691,800130,W UMA STAR
NR Cam,118.62742,7.908494667,78.11261,11.25,10.76,0.49,EW,0.255885,110293,W UMA STAR
V594 Lyr,281.34067,18.75604467,45.89125,13.67,14,0.33,EW:,0.256002,520594,W UMA STAR
V2394 Cyg,295.34558,19.68970533,40.24431,18.11,18.27,0.16,EW:,0.2562,312394,W UMA STAR
V416 Gem,104.94708,6.996472,22.49683,13.2,12.7,0.5,EW,0.25625,380416,W UMA STAR
MQ Lyn,126.33233,8.422155333,37.80692,15.45,15.12,0.33,RRC,0.2563447,510279,STAR
V3504 Oph,273.37867,18.22524467,3.67983,16.1,15.65,0.45,EW,0.25638,593504,W UMA STAR
V3130 Oph,267.91254,17.860836,4.53544,13.95,13.7,0.25,RRC,0.256396,593130,STAR
V503 Vir,207.703,13.84686667,1.55514,16.17,15,1.17,EW,0.2564941,860503,W UMA STAR
V386 UMa,166.12158,11.074772,38.48892,15.84,15.49,0.35,EW,0.2567594,830386,W UMA STAR
V3152 Oph,268.22433,17.881622,4.40956,16.2,15.9,0.3,RRC,0.256808,593152,STAR